samples,slides,0,1,2,3,4,5,6,7,8,9,10,11,12,13,14,15,16,17,18,19,20,21,22,23,24,25,26,27,28,29,30,31,32,33,labels
CMB-BRCA_MSB-00156,MSB-00156-01-05,-0.4001408684308418,-0.4001408684308418,-0.4001408684308418,-0.4001408684308418,1.3916186007972131,-0.4001408684308418,-0.4001408684308418,-0.4001408684308418,-0.4001408684308418,0.9861534926890488,-0.4001408684308418,-0.4001408684308418,1.2092970440032584,-0.4001408684308418,-0.4001408684308418,-0.4001408684308418,1.2092970440032584,-0.4001408684308418,-0.4001408684308418,0.6984714202372678,-0.4001408684308418,1.2092970440032584,1.3916186007972131,-0.4001408684308418,1.2092970440032584,-0.4001408684308418,-0.4001408684308418,-0.4001408684308418,-0.4001408684308418,-0.4001408684308418,-0.4001408684308418,-0.4001408684308418,0.6984714202372678,-0.4001408684308418,1
CMB-BRCA_MSB-00587,MSB-00587-01-01,-0.5000430326795757,2.59099942067874,-0.5000430326795757,-0.5000430326795757,1.8978522401187947,-0.5000430326795757,2.5444794050438473,-0.5000430326795757,-0.5000430326795757,-0.5000430326795757,-0.5000430326795757,-0.5000430326795757,2.3331703113766404,-0.5000430326795757,-0.5000430326795757,-0.5000430326795757,-0.5000430326795757,-0.5000430326795757,-0.5000430326795757,-0.5000430326795757,-0.5000430326795757,-0.5000430326795757,0.19310414788036953,2.832161477495628,-0.5000430326795757,-0.5000430326795757,-0.5000430326795757,-0.5000430326795757,1.1093948797545246,-0.5000430326795757,-0.5000430326795757,-0.5000430326795757,-0.5000430326795757,-0.5000430326795757,1
CMB-BRCA_MSB-01798,MSB-01798-02-02,2.533967358596333,2.16129207331116,-0.17408284250587688,1.4998935910657947,-0.17408284250587688,-0.17408284250587688,-0.17408284250587688,-1.2726951311739865,-0.5795479506140412,0.8067464105058494,-0.5795479506140412,0.9245294461622329,0.6732150178813268,0.9245294461622329,-1.2726951311739865,0.5190643380540684,-0.17408284250587688,0.11359922994590411,-0.17408284250587688,-0.5795479506140412,-0.17408284250587688,-0.5795479506140412,0.33674278126011375,0.11359922994590411,0.5190643380540684,1.6717438479924538,-1.2726951311739865,-1.2726951311739865,0.11359922994590411,-1.2726951311739865,-1.2726951311739865,-0.5795479506140412,0.11359922994590411,-1.2726951311739865,1
CMB-BRCA_MSB-02137,MSB-02137-01-02,-1.1004290465119428,0.9790124951678931,-0.4072818659519975,-1.1004290465119428,1.464520310949594,-1.1004290465119428,2.3335581579732034,-1.1004290465119428,1.789942711384222,2.3007683351502126,0.8454811025433705,-1.1004290465119428,-0.4072818659519975,-0.4072818659519975,-1.1004290465119428,-1.1004290465119428,-1.1004290465119428,-1.1004290465119428,-0.4072818659519975,1.0967955308242765,-1.1004290465119428,1.6076211545902672,2.077624783836003,-0.4072818659519975,-1.1004290465119428,-0.0018167578438331492,-1.1004290465119428,-0.4072818659519975,-1.1004290465119428,1.0967955308242765,-1.1004290465119428,-1.1004290465119428,0.5090088659221575,2.8508146720694847,1
CMB-BRCA_MSB-02664,MSB-02664-01-05,0.7183655179801715,-0.3802467706879383,-0.3802467706879383,-0.3802467706879383,-0.3802467706879383,-0.3802467706879383,-0.3802467706879383,-0.3802467706879383,1.229191141746162,0.312900409872007,-0.3802467706879383,-0.3802467706879383,2.7107956826703776,2.1847025867735987,0.312900409872007,-0.3802467706879383,0.7183655179801715,-0.3802467706879383,-0.3802467706879383,-0.3802467706879383,-0.3802467706879383,-0.3802467706879383,-0.3802467706879383,-0.3802467706879383,-0.3802467706879383,-0.3802467706879383,1.6991947709918978,-0.3802467706879383,-0.3802467706879383,-0.3802467706879383,-0.3802467706879383,-0.3802467706879383,-0.3802467706879383,-0.3802467706879383,1
CMB-BRCA_MSB-02664,MSB-02664-01-10,-0.04077336356234973,0.6523738169975956,-0.04077336356234973,-0.04077336356234973,-0.04077336356234973,-0.04077336356234973,-0.04077336356234973,-0.04077336356234973,-0.04077336356234973,-0.04077336356234973,-0.04077336356234973,-0.04077336356234973,-0.04077336356234973,-0.04077336356234973,-0.04077336356234973,-0.04077336356234973,-0.04077336356234973,0.6523738169975956,-0.04077336356234973,-0.04077336356234973,-0.04077336356234973,-0.04077336356234973,-0.04077336356234973,-0.04077336356234973,-0.04077336356234973,-0.04077336356234973,-0.04077336356234973,-0.04077336356234973,-0.04077336356234973,-0.04077336356234973,-0.04077336356234973,-0.04077336356234973,-0.04077336356234973,-0.04077336356234973,1
CMB-BRCA_MSB-04856,MSB-04856-01-02,-0.0705263315528933,2.3273689412454774,-0.0705263315528933,-0.0705263315528933,-0.0705263315528933,-0.0705263315528933,-0.0705263315528933,-0.0705263315528933,-0.0705263315528933,-0.0705263315528933,-0.0705263315528933,-0.0705263315528933,-0.0705263315528933,-0.0705263315528933,-0.0705263315528933,-0.0705263315528933,-0.0705263315528933,-0.0705263315528933,-0.0705263315528933,-0.0705263315528933,-0.0705263315528933,-0.0705263315528933,-0.0705263315528933,-0.0705263315528933,-0.0705263315528933,-0.0705263315528933,-0.0705263315528933,-0.0705263315528933,-0.0705263315528933,-0.0705263315528933,-0.0705263315528933,-0.0705263315528933,-0.0705263315528933,-0.0705263315528933,1
CMB-BRCA_MSB-05650,MSB-05650-01-02,-0.3948818173280725,2.2441755122871863,-0.3948818173280725,-0.3948818173280725,-0.3948818173280725,-0.3948818173280725,2.6496406203953504,-0.3948818173280725,0.2982653632318728,-0.3948818173280725,-0.3948818173280725,-0.3948818173280725,0.2982653632318728,-0.3948818173280725,-0.3948818173280725,-0.3948818173280725,-0.3948818173280725,-0.3948818173280725,-0.3948818173280725,-0.3948818173280725,-0.3948818173280725,-0.3948818173280725,2.0900248324599278,-0.3948818173280725,-0.3948818173280725,0.7037304713400372,-0.3948818173280725,-0.3948818173280725,0.2982653632318728,-0.3948818173280725,-0.3948818173280725,0.9914125437918181,-0.3948818173280725,0.2982653632318728,1
CMB-BRCA_MSB-05960,MSB-05960-01-01,-0.09347217148082199,-0.09347217148082199,-0.09347217148082199,-0.09347217148082199,-0.09347217148082199,-0.09347217148082199,-0.09347217148082199,-0.09347217148082199,-0.09347217148082199,-0.09347217148082199,0.5996750090791233,-0.09347217148082199,0.5996750090791233,-0.09347217148082199,1.698287297747233,-0.09347217148082199,-0.09347217148082199,-0.09347217148082199,-0.09347217148082199,-0.09347217148082199,-0.09347217148082199,-0.09347217148082199,-0.09347217148082199,-0.09347217148082199,-0.09347217148082199,-0.09347217148082199,-0.09347217148082199,-0.09347217148082199,-0.09347217148082199,-0.09347217148082199,-0.09347217148082199,-0.09347217148082199,-0.09347217148082199,-0.09347217148082199,1
CMB-BRCA_MSB-06586,MSB-06586-03-01,-0.219659709807104,0.8789525788610058,-0.219659709807104,-0.9128068903670493,1.033103258688264,1.4850883824313212,1.033103258688264,-0.219659709807104,0.4734874707528413,0.696631022067051,0.1858053983010605,0.1858053983010605,1.2844176869691701,-0.9128068903670493,0.1858053983010605,-0.9128068903670493,1.4850883824313212,0.4734874707528413,-0.9128068903670493,-0.9128068903670493,-0.9128068903670493,0.4734874707528413,-0.219659709807104,-0.9128068903670493,-0.9128068903670493,-0.219659709807104,-0.9128068903670493,-0.9128068903670493,-0.9128068903670493,1.9204064536891667,0.696631022067051,-0.9128068903670493,-0.219659709807104,-0.219659709807104,1
CMB-BRCA_MSB-06586,MSB-06586-04-06,-0.14926981809511256,2.8464624554588784,-0.14926981809511256,-0.14926981809511256,0.5438773624648328,-0.14926981809511256,-0.14926981809511256,-0.14926981809511256,-0.14926981809511256,-0.14926981809511256,-0.14926981809511256,0.5438773624648328,-0.14926981809511256,-0.14926981809511256,-0.14926981809511256,-0.14926981809511256,-0.14926981809511256,0.5438773624648328,-0.14926981809511256,-0.14926981809511256,-0.14926981809511256,-0.14926981809511256,-0.14926981809511256,-0.14926981809511256,-0.14926981809511256,-0.14926981809511256,-0.14926981809511256,-0.14926981809511256,-0.14926981809511256,-0.14926981809511256,-0.14926981809511256,-0.14926981809511256,-0.14926981809511256,-0.14926981809511256,1
CMB-BRCA_MSB-08876,MSB-08876-01-04,-0.577057958834527,0.5215543298335826,-0.577057958834527,1.0323799535995732,1.502383582845309,-0.577057958834527,0.8092364022853636,0.11608922172541829,-0.577057958834527,1.0323799535995732,-0.577057958834527,1.7255271341595186,1.214701510393528,-0.577057958834527,-0.577057958834527,0.8092364022853636,-0.577057958834527,-0.577057958834527,-0.577057958834527,0.11608922172541829,0.11608922172541829,-0.577057958834527,0.11608922172541829,0.11608922172541829,0.5215543298335826,1.214701510393528,-0.577057958834527,-0.577057958834527,-0.577057958834527,-0.577057958834527,-0.577057958834527,-0.577057958834527,-0.577057958834527,-0.577057958834527,1
CMB-BRCA_MSB-09060,MSB-09060-01-20,-0.5019432670323226,2.7169325578358783,0.19120391352762264,-0.5019432670323226,1.2898162021957325,-0.5019432670323226,-0.5019432670323226,-0.5019432670323226,1.5774982746475132,2.137114062582936,0.19120391352762264,-0.5019432670323226,0.19120391352762264,0.19120391352762264,-0.5019432670323226,-0.5019432670323226,-0.5019432670323226,0.19120391352762264,-0.5019432670323226,-0.5019432670323226,0.19120391352762264,0.5966690216357871,0.19120391352762264,-0.5019432670323226,-0.5019432670323226,-0.5019432670323226,-0.5019432670323226,-0.5019432670323226,-0.5019432670323226,0.19120391352762264,-0.5019432670323226,-0.5019432670323226,0.19120391352762264,-0.5019432670323226,1
CMB-PCA_MSB-01118,MSB-01118-03-02,1.2260048967274275,-0.288122835902348,1.4083264535213822,0.5328577161674823,1.576661768340597,1.1851829022071725,-0.20111145891271817,-0.3834330157066727,1.5480883958965408,1.0516515095826497,0.25842087046572204,0.35850432902270446,1.9679422414568049,0.7151792729614368,1.0028613454132178,-0.3834330157066727,0.2043536491954462,-0.8942586394726635,1.2058021894099082,-0.7401079596454052,1.7447986901425951,-0.04696077908545989,-0.7401079596454052,-0.7401079596454052,0.6098187573036106,-2.6860181087007184,0.6098187573036106,-2.6860181087007184,-0.3834330157066727,0.5328577161674823,-1.5874058200326089,-1.9928709281407733,-1.2997237475808279,-2.6860181087007184,6
CMB-PCA_MSB-01497,MSB-01497-01-01,-0.3127286405797631,-0.3127286405797631,0.38041853998018227,-0.3127286405797631,1.7667129011000728,-0.3127286405797631,-0.3127286405797631,-0.3127286405797631,-0.3127286405797631,1.7667129011000728,-0.3127286405797631,-0.3127286405797631,0.7858836480883467,-0.3127286405797631,-0.3127286405797631,-0.3127286405797631,-0.3127286405797631,0.38041853998018227,-0.3127286405797631,0.38041853998018227,0.7858836480883467,0.7858836480883467,-0.3127286405797631,-0.3127286405797631,0.7858836480883467,-0.3127286405797631,-0.3127286405797631,-0.3127286405797631,-0.3127286405797631,-0.3127286405797631,-0.3127286405797631,-0.3127286405797631,-0.3127286405797631,-0.3127286405797631,6
CMB-PCA_MSB-02472,MSB-02472-03-01,-1.9583259213321411,1.538181640134339,-1.9583259213321411,1.5970221401572726,1.2997706166893408,2.290169320717218,1.1771682945970086,-1.2651787407721957,1.870315475156954,-0.012415772276827886,0.9320458365640235,-1.9583259213321411,1.7052357247975054,1.8258637125861201,1.6792602383942445,-1.9583259213321411,-1.9583259213321411,0.749724279770069,1.5970221401572726,0.43956935146622944,0.1211156203476948,-1.2651787407721957,1.0374063522218497,-1.9583259213321411,-1.9583259213321411,-1.2651787407721957,2.067025769403008,-1.9583259213321411,1.475661283153005,1.8258637125861201,-0.5720315602122505,-1.2651787407721957,-1.9583259213321411,-1.9583259213321411,6
CMB-PCA_MSB-02729,MSB-02729-01-03,-0.21389407036970728,-0.21389407036970728,1.1724002907501834,-0.21389407036970728,2.494156130732503,-0.21389407036970728,-0.21389407036970728,-0.21389407036970728,0.8847182182984024,0.47925311019023803,-0.21389407036970728,-0.21389407036970728,-0.21389407036970728,-0.21389407036970728,-0.21389407036970728,-0.21389407036970728,-0.21389407036970728,-0.21389407036970728,-0.21389407036970728,-0.21389407036970728,-0.21389407036970728,0.47925311019023803,-0.21389407036970728,-0.21389407036970728,0.47925311019023803,-0.21389407036970728,-0.21389407036970728,-0.21389407036970728,-0.21389407036970728,-0.21389407036970728,-0.21389407036970728,-0.21389407036970728,-0.21389407036970728,-0.21389407036970728,6
CMB-PCA_MSB-03973,MSB-03973-01-02,0.2219500245320138,-0.47119715602793155,1.3205623132001236,-0.47119715602793155,1.4747129930273817,0.2219500245320138,-0.47119715602793155,-0.47119715602793155,1.7260274213082878,1.138240756406169,-0.47119715602793155,0.2219500245320138,1.138240756406169,-0.47119715602793155,-0.47119715602793155,-0.47119715602793155,1.138240756406169,-0.47119715602793155,-0.47119715602793155,-0.47119715602793155,0.9150972050919591,0.2219500245320138,0.6274151326401782,-0.47119715602793155,-0.47119715602793155,-0.47119715602793155,-0.47119715602793155,-0.47119715602793155,-0.47119715602793155,-0.47119715602793155,-0.47119715602793155,-0.47119715602793155,-0.47119715602793155,-0.47119715602793155,6
CMB-PCA_MSB-04415,MSB-04415-01-20,0.5137906373090395,-0.5848216513590703,2.6340541735091305,-0.5848216513590703,2.8163757303030854,0.10832552920087508,-0.5848216513590703,0.5137906373090395,1.0246162610750302,0.8014727097608204,-0.5848216513590703,0.10832552920087508,1.0246162610750302,-0.5848216513590703,-0.5848216513590703,-0.5848216513590703,-0.5848216513590703,-0.5848216513590703,-0.5848216513590703,0.8014727097608204,0.10832552920087508,0.10832552920087508,0.10832552920087508,-0.5848216513590703,-0.5848216513590703,-0.5848216513590703,-0.5848216513590703,-0.5848216513590703,-0.5848216513590703,1.0246162610750302,-0.5848216513590703,-0.5848216513590703,-0.5848216513590703,-0.5848216513590703,6
CMB-PCA_MSB-04780,MSB-04780-03-02,-0.12888313631393772,1.4805547761201625,-0.12888313631393772,-0.12888313631393772,0.5642640442460076,-0.12888313631393772,-0.12888313631393772,-0.12888313631393772,-0.12888313631393772,0.5642640442460076,-0.12888313631393772,0.5642640442460076,-0.12888313631393772,-0.12888313631393772,-0.12888313631393772,-0.12888313631393772,-0.12888313631393772,-0.12888313631393772,-0.12888313631393772,0.5642640442460076,-0.12888313631393772,-0.12888313631393772,-0.12888313631393772,-0.12888313631393772,-0.12888313631393772,-0.12888313631393772,-0.12888313631393772,-0.12888313631393772,-0.12888313631393772,-0.12888313631393772,-0.12888313631393772,-0.12888313631393772,-0.12888313631393772,-0.12888313631393772,6
CMB-PCA_MSB-06094,MSB-06094-01-02,-0.36662809539588986,0.3265190851640554,1.2428098170382105,-0.36662809539588986,1.2428098170382105,0.7319841932722199,-0.36662809539588986,-0.36662809539588986,0.3265190851640554,0.3265190851640554,0.3265190851640554,-0.36662809539588986,1.0196662657240008,-0.36662809539588986,0.7319841932722199,-0.36662809539588986,-0.36662809539588986,-0.36662809539588986,-0.36662809539588986,0.7319841932722199,-0.36662809539588986,0.7319841932722199,0.3265190851640554,-0.36662809539588986,-0.36662809539588986,-0.36662809539588986,-0.36662809539588986,-0.36662809539588986,-0.36662809539588986,-0.36662809539588986,-0.36662809539588986,-0.36662809539588986,-0.36662809539588986,-0.36662809539588986,6
CMB-PCA_MSB-06184,MSB-06184-07-02,0.284971683121783,-0.40817549743816234,1.3835839717898928,-0.40817549743816234,1.5377346516171508,-0.40817549743816234,-0.40817549743816234,-0.40817549743816234,0.6904367912299474,0.9781188636817283,-0.40817549743816234,0.284971683121783,1.9897197753602083,-0.40817549743816234,-0.40817549743816234,-0.40817549743816234,0.6904367912299474,-0.40817549743816234,-0.40817549743816234,-0.40817549743816234,-0.40817549743816234,0.9781188636817283,-0.40817549743816234,-0.40817549743816234,0.9781188636817283,-0.40817549743816234,-0.40817549743816234,-0.40817549743816234,-0.40817549743816234,-0.40817549743816234,-0.40817549743816234,-0.40817549743816234,-0.40817549743816234,-0.40817549743816234,6
CMB-PCA_MSB-06894,MSB-06894-08-04,-0.04077336356234973,0.6523738169975956,-0.04077336356234973,-0.04077336356234973,-0.04077336356234973,-0.04077336356234973,0.6523738169975956,-0.04077336356234973,-0.04077336356234973,-0.04077336356234973,-0.04077336356234973,-0.04077336356234973,-0.04077336356234973,-0.04077336356234973,-0.04077336356234973,-0.04077336356234973,-0.04077336356234973,-0.04077336356234973,-0.04077336356234973,-0.04077336356234973,-0.04077336356234973,-0.04077336356234973,-0.04077336356234973,-0.04077336356234973,-0.04077336356234973,-0.04077336356234973,-0.04077336356234973,-0.04077336356234973,-0.04077336356234973,-0.04077336356234973,-0.04077336356234973,-0.04077336356234973,-0.04077336356234973,-0.04077336356234973,6
CMB-PCA_MSB-07436,MSB-07436-03-02,-0.0526988079184723,0.640448372641473,-0.0526988079184723,-0.0526988079184723,-0.0526988079184723,-0.0526988079184723,-0.0526988079184723,-0.0526988079184723,-0.0526988079184723,-0.0526988079184723,-0.0526988079184723,-0.0526988079184723,1.0459134807496375,-0.0526988079184723,-0.0526988079184723,-0.0526988079184723,-0.0526988079184723,-0.0526988079184723,-0.0526988079184723,-0.0526988079184723,-0.0526988079184723,-0.0526988079184723,-0.0526988079184723,-0.0526988079184723,-0.0526988079184723,-0.0526988079184723,-0.0526988079184723,-0.0526988079184723,-0.0526988079184723,-0.0526988079184723,-0.0526988079184723,-0.0526988079184723,-0.0526988079184723,-0.0526988079184723,6
CMB-PCA_MSB-07483,MSB-07483-01-02,-0.06116004534352459,-0.06116004534352459,0.6319871352164207,-0.06116004534352459,0.6319871352164207,-0.06116004534352459,-0.06116004534352459,-0.06116004534352459,-0.06116004534352459,-0.06116004534352459,-0.06116004534352459,-0.06116004534352459,0.6319871352164207,-0.06116004534352459,-0.06116004534352459,-0.06116004534352459,-0.06116004534352459,-0.06116004534352459,-0.06116004534352459,-0.06116004534352459,-0.06116004534352459,-0.06116004534352459,-0.06116004534352459,-0.06116004534352459,-0.06116004534352459,-0.06116004534352459,-0.06116004534352459,-0.06116004534352459,-0.06116004534352459,-0.06116004534352459,-0.06116004534352459,-0.06116004534352459,-0.06116004534352459,-0.06116004534352459,6
CMB-PCA_MSB-07666,MSB-07666-01-02,2.2531853431965865,0.8203709664418033,2.0525146477344354,0.07843362171242584,2.4392876228304474,-0.8378571101617293,-0.6147135588475194,-1.1255391826135102,2.206665327561694,2.4392876228304474,-2.22415147128162,0.6090618727745963,1.489420595422688,1.5135181470017485,-1.5310042907216745,-1.5310042907216745,-1.1255391826135102,-0.8378571101617293,2.0099550333156397,2.2417566473729638,0.17374380151675073,1.1770459103805355,2.0385284057596955,-1.5310042907216745,-1.1255391826135102,-1.1255391826135102,-0.43239200205356476,-1.5310042907216745,-1.1255391826135102,-1.5310042907216745,-2.22415147128162,-1.5310042907216745,0.6662202866145449,-2.22415147128162,6
CMB-PCA_MSB-08178,MSB-08178-01-02,-0.4511951250824114,-0.4511951250824114,0.9350992360374792,-0.4511951250824114,1.3405643441456436,0.24195205547753393,-0.4511951250824114,-0.4511951250824114,0.24195205547753393,0.9350992360374792,-0.4511951250824114,-0.4511951250824114,2.382018218973805,0.24195205547753393,-0.4511951250824114,0.24195205547753393,-0.4511951250824114,-0.4511951250824114,0.24195205547753393,-0.4511951250824114,-0.4511951250824114,1.9467001477159591,-0.4511951250824114,-0.4511951250824114,0.9350992360374792,-0.4511951250824114,-0.4511951250824114,-0.4511951250824114,-0.4511951250824114,-0.4511951250824114,-0.4511951250824114,-0.4511951250824114,0.24195205547753393,-0.4511951250824114,6
CMB-PCA_MSB-08324,MSB-08324-01-02,0.603329885997075,-0.4952824026710345,1.7019421746651848,-0.4952824026710345,2.143774926944224,-0.4952824026710345,-0.4952824026710345,-0.4952824026710345,0.8910119584488561,1.4506277463842787,-0.4952824026710345,-0.4952824026710345,1.7019421746651848,-0.4952824026710345,-0.4952824026710345,-0.4952824026710345,-0.4952824026710345,-0.4952824026710345,-0.4952824026710345,1.2964770665570204,0.603329885997075,-0.4952824026710345,0.603329885997075,-0.4952824026710345,0.19786477788891077,-0.4952824026710345,-0.4952824026710345,-0.4952824026710345,0.19786477788891077,-0.4952824026710345,-0.4952824026710345,-0.4952824026710345,-0.4952824026710345,-0.4952824026710345,6
CMB-PCA_MSB-08334,MSB-08334-01-02,-0.32572372152914664,0.772888567138963,0.3674234590307987,-0.32572372152914664,1.6201864275261666,-0.32572372152914664,-0.32572372152914664,0.3674234590307987,0.3674234590307987,-0.32572372152914664,-0.32572372152914664,-0.32572372152914664,2.1591829282588537,-0.32572372152914664,-0.32572372152914664,-0.32572372152914664,-0.32572372152914664,-0.32572372152914664,-0.32572372152914664,1.060570639590744,0.3674234590307987,-0.32572372152914664,-0.32572372152914664,-0.32572372152914664,-0.32572372152914664,-0.32572372152914664,-0.32572372152914664,-0.32572372152914664,0.3674234590307987,0.3674234590307987,-0.32572372152914664,-0.32572372152914664,-0.32572372152914664,-0.32572372152914664,6
CMB-PCA_MSB-08965,MSB-08965-01-02,-0.6521879040336649,0.44642438463444484,1.13957156519439,-0.6521879040336649,1.7457073687647058,-0.6521879040336649,-0.6521879040336649,1.13957156519439,1.8327187457543355,1.5450366733025547,0.04095927652628039,-0.6521879040336649,1.7457073687647058,0.04095927652628039,-0.6521879040336649,-0.6521879040336649,-0.6521879040336649,-0.6521879040336649,-0.6521879040336649,0.44642438463444484,-0.6521879040336649,0.44642438463444484,1.2937222450216486,-0.6521879040336649,0.44642438463444484,-0.6521879040336649,-0.6521879040336649,-0.6521879040336649,-0.6521879040336649,-0.6521879040336649,-0.6521879040336649,-0.6521879040336649,0.7341064570862257,-0.6521879040336649,6
CMB-PCA_MSB-09614,MSB-09614-01-02,1.4239356944164279,-0.6555058472634082,2.3402264262905828,-0.6555058472634082,2.117082874976373,0.03764133329653714,0.03764133329653714,0.4431064414047017,1.5417187300728112,0.4431064414047017,-0.6555058472634082,-0.6555058472634082,1.6470792457306376,0.03764133329653714,-0.6555058472634082,-0.6555058472634082,0.03764133329653714,-0.6555058472634082,0.03764133329653714,0.4431064414047017,0.4431064414047017,0.03764133329653714,-0.6555058472634082,-0.6555058472634082,0.03764133329653714,-0.6555058472634082,-0.6555058472634082,-0.6555058472634082,-0.6555058472634082,0.03764133329653714,-0.6555058472634082,-0.6555058472634082,-0.6555058472634082,-0.6555058472634082,6
CPTAC-CM_C3L-00629,C3L-00629-22,1.9111481471057583,-0.9220651969504577,0.17654709171765195,-0.22891801639051246,0.17654709171765195,0.6873727154836425,0.8696942722775973,-0.22891801639051246,-0.22891801639051246,-0.22891801639051246,-0.9220651969504577,1.9683065609457069,0.6873727154836425,0.17654709171765195,-0.9220651969504577,2.0223737822159826,-0.22891801639051246,1.7859850041517522,-0.9220651969504577,-0.9220651969504577,2.0223737822159826,-0.22891801639051246,-0.22891801639051246,-0.9220651969504577,0.8696942722775973,-0.9220651969504577,-0.9220651969504577,-0.9220651969504577,-0.22891801639051246,-0.9220651969504577,-0.9220651969504577,-0.9220651969504577,0.46422916416943283,-0.9220651969504577,7
CPTAC-CM_C3L-02647,C3L-02647-24,1.0478306329462315,0.6423655248380671,-0.7439288362818236,1.9641213648203866,0.3546834523862861,0.3546834523862861,-0.7439288362818236,-0.7439288362818236,0.1723618955923315,1.2709741842604412,-1.4370760168417689,0.1723618955923315,2.1738418958024557,-0.33846372817365916,0.7601485604944506,1.3355127053980123,1.396137327214447,-1.4370760168417689,-0.7439288362818236,-0.7439288362818236,0.9608192559566018,1.8587608491625602,-1.4370760168417689,-1.4370760168417689,1.396137327214447,1.0478306329462315,-1.4370760168417689,-1.4370760168417689,1.8587608491625602,-1.4370760168417689,-1.4370760168417689,-1.4370760168417689,-0.33846372817365916,-1.4370760168417689,7
CPTAC-CM_C3L-04760,C3L-04760-24,-0.36656352587420443,0.9143703195878599,-1.9760014383083049,2.751386380404036,0.32658365468574085,0.22122313902791454,0.42189383449006573,-0.18424196908024984,1.115041015050011,-1.2828542577483595,0.32658365468574085,0.32658365468574085,1.8741461634017538,-0.8773891496401951,1.4897344644914217,2.4060251963655768,0.5889479191532319,-1.9760014383083049,-0.18424196908024984,-0.5897070771884142,-0.5897070771884142,1.3912943916781693,-0.030091289252991527,1.5503590863078565,0.32658365468574085,0.42189383449006573,0.22122313902791454,-1.9760014383083049,1.1594927776208448,-1.2828542577483595,-1.9760014383083049,-1.9760014383083049,-0.5897070771884142,-1.9760014383083049,7
CPTAC-CM_C3N-00376,C3N-00376-21,-1.8491547745040344,1.1953676632193884,-1.8491547745040344,1.0952842046624058,-0.7505424858359249,-0.7505424858359249,2.694140007765969,1.1465774990499564,-1.1560075939440893,-1.1560075939440893,1.6165811282956921,-1.8491547745040344,1.6473527869624456,-1.8491547745040344,1.7884313852223512,0.7157945829575023,0.3480698028321848,-0.7505424858359249,-0.46286041338414385,-1.8491547745040344,-1.8491547745040344,2.2939799518874984,1.1953676632193884,1.6473527869624456,0.9840585695521815,2.1581784107284365,-0.05739530527597952,-1.8491547745040344,2.963029580868383,-1.8491547745040344,-0.46286041338414385,-1.8491547745040344,-1.8491547745040344,0.548740498294336,7
CPTAC-CM_C3N-01492,C3N-01492-27,-0.44248710181019585,2.693007114118954,-0.44248710181019585,-0.44248710181019585,0.25066007874974944,-0.44248710181019585,0.9438072593096948,0.6561251868579139,0.25066007874974944,0.6561251868579139,-0.44248710181019585,0.25066007874974944,-0.44248710181019585,-0.44248710181019585,-0.44248710181019585,-0.44248710181019585,-0.44248710181019585,-0.44248710181019585,-0.44248710181019585,-0.44248710181019585,-0.44248710181019585,-0.44248710181019585,0.6561251868579139,0.25066007874974944,-0.44248710181019585,4.011860194443312,-0.44248710181019585,-0.44248710181019585,-0.44248710181019585,-0.44248710181019585,-0.44248710181019585,-0.44248710181019585,-0.44248710181019585,-0.44248710181019585,7
CPTAC-CM_C3N-01824,C3N-01824-22,-1.4442631715132157,1.3889501725430005,-0.7511159909532703,1.2637870295889946,0.6351783701666204,-0.3456508828451059,-0.7511159909532703,0.5016469775420977,0.5016469775420977,0.7529614058230039,0.8583219214808301,-0.3456508828451059,0.953632101285155,-1.4442631715132157,2.775244533662891,1.3889501725430005,1.0406434782747847,-1.4442631715132157,1.6002592662102073,0.34749629771483936,-1.4442631715132157,1.2637870295889946,0.1651747409208848,1.1947941581020431,-0.3456508828451059,-0.057968810393324986,-1.4442631715132157,-1.4442631715132157,0.7529614058230039,-0.3456508828451059,-1.4442631715132157,-1.4442631715132157,-1.4442631715132157,-1.4442631715132157,7
CPTAC-CM_C3N-02324,C3N-02324-21,-1.1237351575034742,1.8719971160505169,-1.8168823380634194,3.0351479258561977,-1.1237351575034742,2.7680851406071523,-0.02512286883536445,-1.1237351575034742,0.5810129347349511,-1.1237351575034742,-0.02512286883536445,-1.1237351575034742,2.2261689297711307,-1.1237351575034742,3.1030985877647055,1.3186118778657303,1.7384657234259941,0.1290278109918939,1.4019934868047814,-1.8168823380634194,-1.8168823380634194,-1.8168823380634194,1.3611714922845262,0.1290278109918939,-1.1237351575034742,-0.7182700493953098,2.8080904752208515,-1.8168823380634194,1.4412141999580628,-1.8168823380634194,-0.7182700493953098,-1.8168823380634194,-1.8168823380634194,-0.02512286883536445,7
CPTAC-CM_C3N-02633,C3N-02633-22,-0.8005813817554335,-0.8005813817554335,-0.8005813817554335,0.2980309069126763,-0.10743420119548813,1.5020037112386124,1.3966431955807859,-0.8005813817554335,1.3966431955807859,-0.8005813817554335,-0.8005813817554335,-0.8005813817554335,2.695926179711047,0.9911780874726216,2.9129906849488743,-0.8005813817554335,0.9911780874726216,-0.10743420119548813,-0.8005813817554335,-0.8005813817554335,-0.10743420119548813,-0.8005813817554335,-0.8005813817554335,-0.8005813817554335,-0.8005813817554335,-0.8005813817554335,0.808856530678667,-0.8005813817554335,2.1951508917985576,1.14532876729988,-0.8005813817554335,-0.8005813817554335,-0.8005813817554335,-0.8005813817554335,7
CPTAC-CM_C3N-03097,C3N-03097-24,-0.18631198924030273,-0.6563156184860384,-0.18631198924030273,2.4347268348722775,-0.4739940616920837,0.21915311886786162,0.036831562073906955,-1.5726063503601933,1.199982371879588,-0.18631198924030273,0.6246182269760261,-0.4739940616920837,2.388206819237385,0.036831562073906955,1.3978081152095079,0.8252889224381772,0.21915311886786162,-0.4739940616920837,1.199982371879588,-2.2657535309201386,0.29919582654139815,0.44229667018207136,1.1682336735650076,1.4954465847734237,0.13214174187823194,-2.2657535309201386,2.4070753035417676,-2.2657535309201386,2.0247059102282523,0.13214174187823194,-1.5726063503601933,-2.2657535309201386,-2.2657535309201386,-1.5726063503601933,7
CPTAC-CM_C3N-03220,C3N-03220-23,-0.5398457190586814,0.5587665696094283,-1.2329928996186268,2.322355161870787,-0.134380610950517,3.3103018826513773,1.1649023731797439,0.7129172494366866,-0.5398457190586814,-1.2329928996186268,0.15330146150126392,-1.2329928996186268,1.945060930729319,0.3764450128154736,0.9642316777175926,1.4750573014835833,-0.5398457190586814,-0.134380610950517,-0.134380610950517,-1.2329928996186268,1.0695921933754189,-1.2329928996186268,-1.2329928996186268,-0.134380610950517,-1.2329928996186268,-0.5398457190586814,0.5587665696094283,-1.2329928996186268,-0.134380610950517,0.7129172494366866,1.0695921933754189,-1.2329928996186268,-1.2329928996186268,-1.2329928996186268,7
CPTAC-CM_C3N-03223,C3N-03223-21,-1.425446907001936,1.5702853665520549,-1.425446907001936,2.1299011544874777,0.18399100543216426,2.445754103905955,2.5448450065501858,1.2136104226133226,-1.425446907001936,-1.425446907001936,-1.425446907001936,-0.7322997264419907,2.5635371395623383,-1.425446907001936,-0.3268346183338263,3.5918329298129885,-0.3268346183338263,-1.425446907001936,-1.425446907001936,-1.425446907001936,-0.03915254588204545,-0.3268346183338263,0.7717776703342832,1.5189920721645045,-0.03915254588204545,1.5702853665520549,-1.425446907001936,-1.425446907001936,-0.3268346183338263,-1.425446907001936,2.7016874780431555,-0.7322997264419907,-1.425446907001936,-1.425446907001936,7
CPTAC-CM_C3N-03235,C3N-03235-21,-0.5441121642301484,-1.2372593447900937,-1.2372593447900937,3.961237686475732,-0.13864705612198405,-0.5441121642301484,-0.5441121642301484,-1.2372593447900937,0.5545001244379613,-1.2372593447900937,1.4017979848251647,-1.2372593447900937,2.9216237385695782,3.011235897259265,4.429167343322338,-0.13864705612198405,0.14903501632979688,-1.2372593447900937,2.823183665756326,-1.2372593447900937,-1.2372593447900937,-1.2372593447900937,-1.2372593447900937,-1.2372593447900937,0.3721785676440067,-1.2372593447900937,2.1300364851963804,-1.2372593447900937,2.4263023013395526,-1.2372593447900937,-1.2372593447900937,-1.2372593447900937,-1.2372593447900937,-1.2372593447900937,7
CPTAC-CM_C3N-03614,C3N-03614-26,-0.886476321532653,1.9467370225235632,-0.886476321532653,-0.886476321532653,1.0594338275226602,-0.1933291409727077,0.7229615909014475,2.0579626576337873,0.21213596713545665,-0.1933291409727077,-0.886476321532653,0.49981803958723764,0.905283147695402,-0.886476321532653,-0.886476321532653,2.15804611619077,-0.886476321532653,1.3107482558035664,-0.886476321532653,-0.886476321532653,-0.886476321532653,0.21213596713545665,0.21213596713545665,-0.1933291409727077,-0.1933291409727077,2.7244415911115714,-0.886476321532653,-0.886476321532653,0.7229615909014475,-0.886476321532653,0.21213596713545665,-0.886476321532653,-0.886476321532653,-0.886476321532653,7
CPTAC-CM_C3N-03885,C3N-03885-23,0.4367109684617862,0.10023873184057334,-1.509199180593527,0.10023873184057334,-1.509199180593527,0.10023873184057334,3.45364544966638,2.402823824834619,-0.4105868919254175,-1.509199180593527,-0.4105868919254175,1.1298581490217314,2.4981340046389438,-1.509199180593527,-1.509199180593527,3.481233406185209,-1.509199180593527,1.3811725773026375,-0.8160520000335818,-1.509199180593527,-0.8160520000335818,-1.509199180593527,1.9565367222061996,-1.509199180593527,0.4367109684617862,2.0461488808958865,-0.12290481947363646,-1.509199180593527,3.1255298076361084,-1.509199180593527,1.0557501768680098,-1.509199180593527,-1.509199180593527,-1.509199180593527,7
CPTAC-CM_C3N-04142,C3N-04142-21,-1.131880327082721,1.5071770025325377,-1.8250275076426663,1.2194949300807567,-0.21558959520856585,1.5422683223438076,1.1194114715237742,1.5422683223438076,-1.8250275076426663,-1.8250275076426663,-1.8250275076426663,-0.7264152189745566,2.3944801975334404,-1.8250275076426663,-0.7264152189745566,3.9740651468178596,-1.131880327082721,-0.21558959520856585,-1.131880327082721,-1.8250275076426663,-1.8250275076426663,0.7399218498188705,1.3938483172255345,2.1823056775898046,1.2660149457156495,2.3796651117482996,2.4790375855615037,-1.8250275076426663,1.3938483172255345,-1.8250275076426663,0.947561214597115,-0.7264152189745566,-1.8250275076426663,-1.8250275076426663,7
CPTAC-CM_C3N-05623,C3N-05623-22,-0.5062360291682955,-0.5062360291682955,-0.5062360291682955,0.1869111513916498,-0.5062360291682955,1.6909885481679239,0.1869111513916498,0.1869111513916498,0.1869111513916498,-0.5062360291682955,1.1032018832658048,-0.5062360291682955,1.6909885481679239,-0.5062360291682955,0.1869111513916498,0.1869111513916498,1.978670620619705,-0.5062360291682955,-0.5062360291682955,-0.5062360291682955,-0.5062360291682955,0.8800583319515951,0.5923762594998142,-0.5062360291682955,0.1869111513916498,-0.5062360291682955,-0.5062360291682955,-0.5062360291682955,-0.5062360291682955,0.8800583319515951,-0.5062360291682955,-0.5062360291682955,-0.5062360291682955,-0.5062360291682955,7
CPTAC-CM_C3N-05624,C3N-05624-25,-0.4053722568556822,2.926832253319522,-0.4053722568556822,-0.4053722568556822,-0.4053722568556822,-0.4053722568556822,1.6740692848241538,-0.4053722568556822,-0.4053722568556822,-0.4053722568556822,-0.4053722568556822,-0.4053722568556822,-0.4053722568556822,-0.4053722568556822,-0.4053722568556822,-0.4053722568556822,-0.4053722568556822,-0.4053722568556822,-0.4053722568556822,-0.4053722568556822,-0.4053722568556822,-0.4053722568556822,1.6740692848241538,-0.4053722568556822,-0.4053722568556822,1.7918523204805372,0.28777492370426316,-0.4053722568556822,1.2040656555784182,-0.4053722568556822,-0.4053722568556822,-0.4053722568556822,-0.4053722568556822,1.3863872123723728,7
CPTAC-COAD_11CO012,23d39a91-43d7-4148-9ca7-d3feb9,0.3329344476785184,0.892550235613941,2.6602121532629357,-0.7656778409895914,1.0260816282384637,0.48708512750577665,0.681241141946734,1.3743883225066793,1.431546736346628,1.180232308065722,-1.4588250215495366,-0.20606205305416864,1.0260816282384637,0.7383995557866827,-0.5425342896753815,0.3329344476785184,1.5115894440201645,-1.4588250215495366,-1.4588250215495366,-0.7656778409895914,0.15061289088456378,1.81831971144264,0.9390702512488338,-2.151972202109482,0.681241141946734,-2.151972202109482,-1.0533599134413723,0.045252375226737404,0.15061289088456378,1.2153236278769919,-2.151972202109482,-2.151972202109482,-0.20606205305416864,-2.151972202109482,3
CPTAC-COAD_11CO016,6e4e7692-adfa-4cde-b5a6-e2dcbf,0.6513217839673172,-0.13713557639695287,-0.6479612001629436,-1.7465734888310533,-0.13713557639695287,0.19933666022425994,1.864344423813171,2.3643003753422582,-0.13713557639695287,-1.053426308271108,0.04518598039700179,0.04518598039700179,0.6513217839673172,1.2491587847229377,-0.3602791277111627,0.8924838407842053,0.4506510885051661,1.864344423813171,-0.6479612001629436,-1.7465734888310533,-0.6479612001629436,0.7383331609569471,-1.7465734888310533,-1.7465734888310533,0.3328680528487826,-0.6479612001629436,-1.7465734888310533,0.4506510885051661,0.9614767122711567,0.8183758686304835,-1.053426308271108,-1.7465734888310533,2.037616145087208,0.3328680528487826,3
CPTAC-COAD_11CO030,4cdeecb5-19fb-493c-91f5-eb0efc,-1.1895212394401737,0.19677312167971686,0.6022382297878813,-1.1895212394401737,-1.1895212394401737,-0.49637405888022845,0.6022382297878813,2.2116761422219815,0.19677312167971686,0.7563889096151395,-1.1895212394401737,1.700850518455991,0.19677312167971686,-0.49637405888022845,-1.1895212394401737,1.0077033378960456,0.4199166729939266,3.015171379950792,-1.1895212394401737,-1.1895212394401737,-1.1895212394401737,1.700850518455991,-0.090908950772064,-1.1895212394401737,1.449536090175085,0.4199166729939266,-1.1895212394401737,0.19677312167971686,1.2083740333581967,-0.090908950772064,-1.1895212394401737,-1.1895212394401737,0.7563889096151395,-1.1895212394401737,3
CPTAC-COAD_11CO032,01d1ffca-4235-4dfe-bf62-56f71d,-1.7732571675652795,0.5293279254287663,-1.7732571675652795,1.9403148991390284,-1.7732571675652795,-0.6746448788971697,2.704079646912927,2.954130651147061,-1.7732571675652795,-1.7732571675652795,-1.7732571675652795,1.1171145903308852,1.8376607450789448,-1.7732571675652795,-1.7732571675652795,1.2712652701581435,-1.0801099870053341,2.0979438433426116,-1.7732571675652795,-1.7732571675652795,-1.7732571675652795,-0.6746448788971697,3.0142345752167663,0.9347930335369306,-0.6746448788971697,-1.0801099870053341,3.8827346432545733,1.915622286548657,0.01850230166277556,0.01850230166277556,-1.7732571675652795,-1.7732571675652795,1.9403148991390284,1.0599561764909367,3
CPTAC-COAD_11CO060,be619b8a-e19c-4bad-9530-5cd380,-0.3253949833604217,0.14460864588531389,1.7787391709097857,-1.934832895794522,1.3232636422269601,-1.934832895794522,1.7287287503351245,2.1923014892505694,1.849356738123739,0.5500737539934784,0.14460864588531389,1.5616746656719582,0.46306237700384845,0.46306237700384845,-1.2416857152345768,-1.934832895794522,0.46306237700384845,1.1562095575637938,-0.8362206071264123,-1.934832895794522,0.46306237700384845,1.6205151656948917,-0.8362206071264123,-1.934832895794522,0.011077253260791292,-1.934832895794522,-1.934832895794522,1.0608993777594689,1.5616746656719582,2.0354590177575997,-1.2416857152345768,-1.2416857152345768,0.6301164616670147,-1.934832895794522,3
CPTAC-COAD_11CO077,dbec2531-96e2-4ba5-bde0-b6ba5a,0.28943134672521026,0.7594349759709458,1.2449427917526465,-1.3200065657088902,0.6259035833464232,-1.3200065657088902,1.8988692591593106,2.5718137324017363,0.06628779541100042,1.0778887070894805,-1.3200065657088902,2.0811908159532653,0.4717529035191648,-1.3200065657088902,-1.3200065657088902,0.4717529035191648,-1.3200065657088902,1.5703651921872746,-0.6268593851489449,-1.3200065657088902,-1.3200065657088902,1.1649000840791102,-1.3200065657088902,-1.3200065657088902,0.7594349759709458,-1.3200065657088902,-1.3200065657088902,1.8154876502202595,0.06628779541100042,-0.6268593851489449,0.28943134672521026,-1.3200065657088902,2.508634830780205,-1.3200065657088902,3
CPTAC-COAD_11CO079,f6afe41c-111d-4818-8485-fe95e0,-1.0187344622481902,0.36755989887170043,0.36755989887170043,-0.32558728168824486,0.36755989887170043,0.36755989887170043,-1.0187344622481902,1.814478881808026,0.07987782641991957,0.9271756868071231,-0.32558728168824486,0.9271756868071231,0.5907034501859102,-1.0187344622481902,-1.0187344622481902,2.025787975475233,0.36755989887170043,2.277102403756139,-1.0187344622481902,-0.32558728168824486,-1.0187344622481902,0.36755989887170043,-1.0187344622481902,-0.32558728168824486,1.3791608105501805,0.07987782641991957,-1.0187344622481902,-0.32558728168824486,-1.0187344622481902,0.07987782641991957,0.07987782641991957,-1.0187344622481902,0.36755989887170043,-1.0187344622481902,3
CPTAC-COAD_14CO005,ec35366b-9add-42c6-8e02-b467e2,-0.4059083332608024,1.2988397589776228,-0.1182262608090214,1.328692722127304,-0.00044322515263793,0.10491729050518828,1.6524797992212013,1.0981690635154717,-1.504520621928912,-0.8113734413689667,-0.8113734413689667,-1.504520621928912,1.8453834653456929,0.20022747030951324,-1.504520621928912,1.0604287355326247,0.20022747030951324,-0.00044322515263793,-2.197667802488857,-2.197667802488857,0.10491729050518828,-1.0990555138207476,3.049356269671629,1.7143552029392888,-0.588229890054757,-2.197667802488857,3.411803992696102,1.7341578302354685,-1.504520621928912,0.7980644710651336,-2.197667802488857,-2.197667802488857,-0.25175765343354406,1.4912116516250788,3
CPTAC-COAD_14CO008,a29c56d3-8dd6-42ab-8bc6-ddb3c9,-0.7286073108039549,-0.7286073108039549,-0.7286073108039549,-0.7286073108039549,-0.7286073108039549,1.3508342308758812,-0.7286073108039549,-0.03546013024400955,1.2173028382513584,-0.7286073108039549,-0.03546013024400955,-0.7286073108039549,1.6692879619944159,3.1000340856851403,3.5340725662373607,-0.7286073108039549,1.4686172665322645,-0.7286073108039549,-0.03546013024400955,-0.7286073108039549,-0.7286073108039549,-0.7286073108039549,-0.03546013024400955,-0.7286073108039549,-0.7286073108039549,-0.7286073108039549,2.7679002506625254,-0.7286073108039549,0.3700049778641549,-0.03546013024400955,-0.7286073108039549,-0.7286073108039549,-0.7286073108039549,-0.7286073108039549,3
CPTAC-COAD_15CO004,a5bdf91d-91a6-4cba-be01-395b3c,1.5374125063368327,-0.6220717430165396,1.1125293123715667,-1.7206840316846492,0.07107543754340577,-1.7206840316846492,1.7450518711150773,2.5134224729126102,1.6115204784905546,1.6115204784905546,1.6466117983018247,-0.3343896705647587,-0.3343896705647587,1.1696877262115153,-1.027536851124704,-1.7206840316846492,1.1696877262115153,-1.027536851124704,-0.6220717430165396,-1.7206840316846492,0.07107543754340577,2.3046676590504998,-1.027536851124704,-1.7206840316846492,0.225226117370664,-1.7206840316846492,-1.7206840316846492,1.3238384060387738,1.7133031728004968,0.9183732979306093,-1.027536851124704,-1.7206840316846492,0.7642226181033511,-1.7206840316846492,3
CPTAC-COAD_16CO002,491b5c1f-745b-43ed-b5b8-73ae8c,-0.3394103675971334,0.4490469927671368,2.058484905201237,-1.948848280031234,1.4523491016309216,-1.2557010994712885,2.6662722368100256,2.1620255841420777,0.3537368129628119,1.2700275448369671,-1.2557010994712885,1.6346706584248762,1.0468839935227572,-1.948848280031234,-0.8502359913631241,-1.2557010994712885,-1.948848280031234,1.0956741576921891,-1.948848280031234,0.941523477864931,-0.15708881080317874,0.4490469927671368,-0.8502359913631241,-1.948848280031234,0.2483762973049856,-1.948848280031234,-0.8502359913631241,2.4938029764590826,-0.0029381309759205342,0.1305932616486021,-0.8502359913631241,-1.948848280031234,0.616101077430303,2.240806461995192,3
CPTAC-COAD_16CO012,ca6d1f65-9ff2-4b02-828d-4dee4a,-0.27262658212273216,1.3368113303113682,-1.6589209432426228,-1.6589209432426228,-0.560308654574513,-1.6589209432426228,2.0046407028870235,1.9245979952134873,0.13283852598543233,0.13283852598543233,1.0491292578595872,0.4205205984372131,0.28698920581269066,0.13283852598543233,-1.6589209432426228,0.28698920581269066,0.7389743295557479,0.7389743295557479,-0.560308654574513,-1.6589209432426228,-1.6589209432426228,1.1136677789971585,-1.6589209432426228,-1.6589209432426228,1.2855180359238176,-0.27262658212273216,-1.6589209432426228,1.978665216483763,0.4205205984372131,1.6732835669325812,-0.560308654574513,-1.6589209432426228,2.418616500663097,0.7389743295557479,3
CPTAC-COAD_18CO005,0dfe7411-b202-4724-8060-5b9552,2.432058977952195,1.1740189523559832,2.6317722774580186,0.2760773591500246,0.873914359905645,-1.4286707330884005,0.36308873613965437,-1.0232056249802362,1.245477916338128,2.6903664417240716,-1.4286707330884005,1.885515271584125,0.5862322874538641,2.377991756681919,-1.4286707330884005,0.18076717934569977,-1.0232056249802362,-0.3300584444202909,0.9692245397099699,0.4431314438131908,-0.7355235525284552,0.18076717934569977,-1.4286707330884005,-2.121817913648346,2.126677328401013,-0.7355235525284552,-2.121817913648346,-2.121817913648346,-2.121817913648346,-0.7355235525284552,-2.121817913648346,-2.121817913648346,2.41078157950491,0.18076717934569977,3
CPTAC-COAD_21CO010,9a32f3b1-52f9-4535-97a4-9be4bb,-0.12578429761811938,0.5673628829418259,-0.12578429761811938,-0.12578429761811938,-0.12578429761811938,-0.12578429761811938,0.9728279910499903,-0.12578429761811938,-0.12578429761811938,-0.12578429761811938,-0.12578429761811938,-0.12578429761811938,-0.12578429761811938,-0.12578429761811938,-0.12578429761811938,-0.12578429761811938,-0.12578429761811938,-0.12578429761811938,-0.12578429761811938,-0.12578429761811938,-0.12578429761811938,0.5673628829418259,-0.12578429761811938,-0.12578429761811938,-0.12578429761811938,-0.12578429761811938,-0.12578429761811938,0.5673628829418259,-0.12578429761811938,-0.12578429761811938,-0.12578429761811938,-0.12578429761811938,0.9728279910499903,-0.12578429761811938,3
CPTAC-COAD_22CO008,0e48c5c7-6620-4e9d-ae92-6cb028,-1.0489454782796686,-0.35579829771972316,2.902298240301759,-1.0489454782796686,0.04966681038844125,0.8969646707756448,-0.35579829771972316,-0.35579829771972316,0.8969646707756448,0.5604924341544318,0.33734888284022213,1.148279099056551,0.04966681038844125,0.7428139909483865,-0.35579829771972316,-1.0489454782796686,-1.0489454782796686,-1.0489454782796686,-1.0489454782796686,1.148279099056551,0.04966681038844125,0.04966681038844125,0.33734888284022213,-1.0489454782796686,-1.0489454782796686,-1.0489454782796686,-1.0489454782796686,2.169930346588532,-0.35579829771972316,2.352251903382487,-1.0489454782796686,-0.35579829771972316,1.0304960634001674,-1.0489454782796686,3
CPTAC-COAD_26CO005,38908a50-9172-41ea-a8bd-5bd23d,-0.7092812056206806,-0.016134025060735323,-0.7092812056206806,-0.7092812056206806,-0.7092812056206806,-0.7092812056206806,0.9001567068134197,2.2864510679333105,-0.7092812056206806,-0.7092812056206806,-0.7092812056206806,-0.7092812056206806,0.67701315549921,-0.7092812056206806,-0.7092812056206806,2.9283049541057053,-0.7092812056206806,3.5533986714206347,-0.7092812056206806,-0.7092812056206806,-0.7092812056206806,-0.7092812056206806,-0.7092812056206806,-0.7092812056206806,-0.7092812056206806,-0.7092812056206806,-0.7092812056206806,4.102903149751737,-0.7092812056206806,-0.016134025060735323,-0.7092812056206806,-0.7092812056206806,2.6229233045545235,-0.016134025060735323,3
CPTAC-LSCC_C3L-00415,C3L-00415-21,0.6288853648142243,-0.6238776036811436,-0.21841249557297923,-0.21841249557297923,0.6288853648142243,-0.21841249557297923,-0.21841249557297923,-1.317024784241089,2.8726299577853367,0.4747346849869661,2.8101096008040023,-1.317024784241089,1.3220325453741697,2.1169624202440573,1.8184694316880607,-1.317024784241089,0.4747346849869661,-1.317024784241089,1.727497653482334,-0.6238776036811436,0.9855603087529566,0.6288853648142243,-0.6238776036811436,-0.6238776036811436,-0.6238776036811436,-1.317024784241089,-1.317024784241089,-0.21841249557297923,-0.6238776036811436,1.516188559815127,-1.317024784241089,-1.317024784241089,-1.317024784241089,-1.317024784241089,5
CPTAC-LSCC_C3L-00503,C3L-00503-23,2.9223436857103775,0.6710518871038823,2.0881179068905267,-1.4083896545759536,1.0765169952120466,0.2010482578581468,-0.7152424740160083,-1.4083896545759536,0.8941954384180921,0.3833698146521014,0.7888349227602658,0.8941954384180921,0.5375204944793597,1.4248236894802624,-1.4083896545759536,-1.4083896545759536,-0.7152424740160083,1.8497068834455284,-1.4083896545759536,0.3833698146521014,2.2804897995379827,-1.4083896545759536,-1.4083896545759536,-1.4083896545759536,0.2010482578581468,0.6710518871038823,-1.4083896545759536,-0.30977736590784394,-0.7152424740160083,1.2996605465262565,-1.4083896545759536,-1.4083896545759536,0.7888349227602658,-1.4083896545759536,5
CPTAC-LSCC_C3L-00927,C3L-00927-22,2.524454047753988,-0.6110401681751616,-0.6110401681751616,3.6516397088661536,-0.6110401681751616,0.08210701238478371,-0.6110401681751616,-0.6110401681751616,-0.6110401681751616,-0.6110401681751616,-0.6110401681751616,-0.6110401681751616,2.028017161440097,0.08210701238478371,0.08210701238478371,2.1615485540646198,0.48757212049294796,-0.6110401681751616,1.691544924818884,-0.6110401681751616,0.08210701238478371,-0.6110401681751616,-0.6110401681751616,-0.6110401681751616,0.48757212049294796,-0.6110401681751616,-0.6110401681751616,-0.6110401681751616,0.08210701238478371,-0.6110401681751616,-0.6110401681751616,-0.6110401681751616,-0.6110401681751616,-0.6110401681751616,5
CPTAC-LSCC_C3L-01000,C3L-01000-25,1.02566445155975,-0.9202456974955634,1.0946573230467014,3.105105993239586,-0.22709851693561808,0.5838316992807107,-1.6133928780555087,-0.9202456974955634,1.6447036599659735,0.689192214938537,1.7188116321196953,-0.9202456974955634,1.3310461011109318,0.5838316992807107,-0.0039549656214082785,0.689192214938537,1.8523430247442179,0.17836659117254638,2.3184327546688173,-0.9202456974955634,0.689192214938537,0.46604866362432723,-0.9202456974955634,-0.5147805893873989,1.02566445155975,-1.6133928780555087,-1.6133928780555087,-1.6133928780555087,-0.22709851693561808,-0.5147805893873989,-1.6133928780555087,-1.6133928780555087,-1.6133928780555087,-1.6133928780555087,5
CPTAC-LSCC_C3L-01606,C3L-01606-26,-0.5870852113924857,2.631790613475715,-0.5870852113924857,-0.5870852113924857,1.2046742578355694,0.10606196916745964,0.511527077275624,-0.5870852113924857,0.799209149727405,-0.5870852113924857,-0.5870852113924857,1.0223527010416147,0.511527077275624,0.511527077275624,-0.5870852113924857,0.10606196916745964,-0.5870852113924857,3.794941423281396,-0.5870852113924857,0.511527077275624,0.511527077275624,0.10606196916745964,-0.5870852113924857,-0.5870852113924857,-0.5870852113924857,-0.5870852113924857,-0.5870852113924857,-0.5870852113924857,-0.5870852113924857,-0.5870852113924857,-0.5870852113924857,-0.5870852113924857,-0.5870852113924857,-0.5870852113924857,5
CPTAC-LSCC_C3L-02163,C3L-02163-23,0.09471616634710116,-0.4161094574188894,-1.514721746086999,2.7619443729290563,0.4311884029683142,0.4311884029683142,-0.8215745655270539,-1.514721746086999,0.4311884029683142,2.011638778529162,-1.514721746086999,-0.8215745655270539,1.8864756355751562,-0.4161094574188894,-1.514721746086999,-0.12842738496710854,2.0961961665572253,-1.514721746086999,2.011638778529162,-0.8215745655270539,-0.4161094574188894,1.3756500118091655,1.257866976152782,1.3756500118091655,1.7433747919344829,-1.514721746086999,-1.514721746086999,-1.514721746086999,0.7878633469070465,-1.514721746086999,-0.8215745655270539,-1.514721746086999,0.6825028312492202,0.4311884029683142,5
CPTAC-LSCC_C3L-02168,C3L-02168-25,1.5040527396229142,0.9932271158569236,-0.10538517281118598,2.351350600010118,0.1822968996405948,-1.897144642039241,1.3217311828289597,1.2809091883087047,-1.897144642039241,0.0487655070160722,-1.897144642039241,0.9932271158569236,2.3223630631368657,-1.897144642039241,-1.897144642039241,3.3860590866987477,-0.5108502809193505,1.9946756560713856,-0.7985323533711313,-1.2039974614792959,-1.897144642039241,-1.897144642039241,2.2617384413204307,3.100067631724874,0.9932271158569236,2.0731472715128807,-1.897144642039241,-1.897144642039241,1.5993629194272392,-1.897144642039241,-0.5108502809193505,-1.2039974614792959,-1.897144642039241,-1.2039974614792959,5
CPTAC-LSCC_C3L-02546,C3L-02546-26,-0.21042986343863707,1.869011678241199,-0.21042986343863707,-0.21042986343863707,1.1758644976812536,-0.21042986343863707,-0.21042986343863707,-0.21042986343863707,-0.21042986343863707,-0.21042986343863707,-0.21042986343863707,0.4827173171213082,-0.21042986343863707,-0.21042986343863707,-0.21042986343863707,-0.21042986343863707,-0.21042986343863707,1.3990080489954633,-0.21042986343863707,-0.21042986343863707,0.4827173171213082,-0.21042986343863707,-0.21042986343863707,-0.21042986343863707,-0.21042986343863707,-0.21042986343863707,-0.21042986343863707,-0.21042986343863707,-0.21042986343863707,-0.21042986343863707,-0.21042986343863707,0.4827173171213082,-0.21042986343863707,-0.21042986343863707,5
CPTAC-LSCC_C3L-02660,C3L-02660-22,1.9066845955516245,-1.5273026089335218,0.6699219684026976,1.804901901241682,0.7752824840605238,1.037646748528015,-0.1410082478136312,-0.8341554283735765,2.4429893046186,0.5521389327463141,-0.4286903202654121,-1.5273026089335218,1.8399932210529522,1.6507512214144238,1.608191606995628,0.2644568602945332,-0.8341554283735765,-0.8341554283735765,1.8738947727286335,-1.5273026089335218,0.2644568602945332,1.5172198287899012,-0.8341554283735765,-0.8341554283735765,1.9692049525329585,-1.5273026089335218,-1.5273026089335218,-1.5273026089335218,-0.4286903202654121,-0.4286903202654121,-0.8341554283735765,-1.5273026089335218,-1.5273026089335218,-1.5273026089335218,5
CPTAC-LSCC_C3L-03961,C3L-03961-25,1.7138037127968506,-1.7827038486696296,-0.17326593623552924,3.382082125253884,-1.0895566681096844,0.856353480945629,0.1632063003856837,-1.7827038486696296,1.854882311056756,-0.17326593623552924,1.5131330173346995,-0.17326593623552924,2.109116449440997,1.2130284248843615,2.1685398699117977,0.5198812443244161,0.7822455087919071,-0.39640948754973904,3.100098073916741,-1.7827038486696296,-0.17326593623552924,0.29673769301020625,-1.7827038486696296,-0.68409156000152,0.009055620558425282,-1.7827038486696296,-1.7827038486696296,-1.7827038486696296,0.7022028011183706,1.395349981678316,-1.7827038486696296,-1.7827038486696296,-1.0895566681096844,-1.7827038486696296,5
CPTAC-LSCC_C3L-04014,C3L-04014-25,2.5795019567564355,-0.26346756224514517,2.0719073535718913,1.970124659261949,1.3120687985132737,-0.4457891190390998,-1.3620798509132548,-2.0552270314732,1.2769774787020036,2.3014817952163917,-1.3620798509132548,1.1228267988747453,1.0802671844559495,0.3426682413251704,-2.0552270314732,0.024214510206635752,0.7779863125830158,0.5838302981420583,1.6583450352311075,0.024214510206635752,1.0358154218851157,0.6528231696290098,-0.10931688241788699,1.9150648820789216,1.8365932666374263,-2.0552270314732,-2.0552270314732,-2.0552270314732,0.8351447264229646,-2.0552270314732,-2.0552270314732,-2.0552270314732,-1.3620798509132548,-2.0552270314732,5
CPTAC-LSCC_C3L-04792,C3L-04792-21,-1.0329620037973088,2.299242506377895,-1.0329620037973088,-1.0329620037973088,2.4933985208188525,-1.0329620037973088,-1.0329620037973088,-1.0329620037973088,-1.0329620037973088,1.4519446459906915,-1.0329620037973088,2.3682353778648464,-1.0329620037973088,-1.0329620037973088,-1.0329620037973088,0.06565028487080084,-1.0329620037973088,-1.0329620037973088,-1.0329620037973088,3.964250269966806,-1.0329620037973088,-0.3398148232373636,4.042211811436518,3.977673290298947,-1.0329620037973088,2.858858294313318,-1.0329620037973088,-1.0329620037973088,-1.0329620037973088,-1.0329620037973088,-1.0329620037973088,0.5764759086367915,-1.0329620037973088,-1.0329620037973088,5
CPTAC-LSCC_C3L-04871,C3L-04871-26,0.9762686015285503,2.5567189770893983,-0.05335081565260798,-1.6627887280867084,0.28312142096860504,1.5560870967814924,2.613877390929347,0.534435849249511,-0.5641764394185986,0.41665281359312756,-1.6627887280867084,1.7045071018997657,1.4282537252716077,0.12897074114134666,-1.6627887280867084,0.9021606293748283,0.28312142096860504,3.8220082054039466,-1.6627887280867084,-1.6627887280867084,3.3610917927595683,-0.969641547526763,-1.6627887280867084,-1.6627887280867084,-0.27649436696681773,-1.6627887280867084,-1.6627887280867084,-1.6627887280867084,-0.05335081565260798,1.2275830298094563,-0.05335081565260798,-1.6627887280867084,0.12897074114134666,-1.6627887280867084,5
CPTAC-LSCC_C3L-04889,C3L-04889-26,-1.1818099601534469,1.3030966896345535,-0.2655192282792918,-1.874957140713392,2.2193874215087086,1.3831393973080899,2.2681775856781408,1.3831393973080899,0.9582562033428238,0.6899922167481446,-0.08319767148533712,0.6099495090746082,0.8976315815263891,-1.874957140713392,-1.874957140713392,-0.7763448520452825,0.2044844009664438,3.3399786168955936,-1.874957140713392,-1.874957140713392,0.9582562033428238,0.3222674366228272,-0.2655192282792918,-1.874957140713392,-1.1818099601534469,-1.1818099601534469,-1.874957140713392,-0.2655192282792918,1.0694818384530485,2.1140269058508823,0.7641001889018666,-0.4886627795935015,0.2044844009664438,-1.874957140713392,5
CPTAC-LSCC_C3L-05172,C3L-05172-26,0.2892035212931398,2.12178498504145,1.3008044329716197,-1.0970908398267507,2.3041065418354045,-1.0970908398267507,1.8473481393396898,0.2892035212931398,1.4678585176347858,1.3878158099612494,-1.0970908398267507,0.2892035212931398,1.1001337375094686,-1.0970908398267507,-1.0970908398267507,-1.0970908398267507,-1.0970908398267507,3.0137830243465604,-1.0970908398267507,-0.4039436592668055,1.6754978824130304,-0.4039436592668055,0.0015214488413588412,0.0015214488413588412,-1.0970908398267507,-1.0970908398267507,-1.0970908398267507,-1.0970908398267507,0.2892035212931398,-1.0970908398267507,-0.4039436592668055,-1.0970908398267507,0.2892035212931398,-1.0970908398267507,5
CPTAC-LSCC_C3L-05225,C3L-05225-25,1.2367350380681366,-0.18033098171850778,-2.2597725233983437,3.0825617285664673,0.305176834063193,2.002907353642972,0.3792848062169149,0.3792848062169149,0.3792848062169149,-1.161160234730234,2.134676631274095,0.2251341263896565,1.5244171105199176,-2.2597725233983437,1.2665880012178177,1.7475606618341273,0.305176834063193,1.377813636328042,2.5765093835531343,-2.2597725233983437,0.04281256959570191,0.630599234497821,-0.8734781622784531,-0.3138623743430304,0.7847499143250792,-2.2597725233983437,-1.5666253428383985,-2.2597725233983437,1.5244171105199176,-0.6503346109642434,-0.18033098171850778,-1.161160234730234,-2.2597725233983437,-2.2597725233983437,5
CPTAC-LSCC_C3L-05392,C3L-05392-27,-0.7773361556336753,1.3429273805664157,0.06996170475352818,-1.875948444301785,1.861721173981583,0.20349309737805082,0.20349309737805082,-1.875948444301785,2.778011905855738,2.677928447298756,-0.08418897507373004,-1.1828012637418397,-0.2665105318676847,2.719171405832805,-1.875948444301785,-1.875948444301785,-1.875948444301785,3.0938648552742154,0.3212761330344343,0.6089582054862153,1.382148093719697,0.20349309737805082,1.2595457716273646,-1.875948444301785,-1.875948444301785,-1.1828012637418397,-1.875948444301785,1.5897874584979415,-0.48965408318189446,2.328744175089181,-1.875948444301785,-1.875948444301785,1.9741991574082736,-1.875948444301785,5
CPTAC-LSCC_C3L-05398,C3L-05398-21,-0.5989051751367622,-1.6975174638048718,0.2483926852504414,-0.5989051751367622,0.2483926852504414,1.2469215153615687,1.0750712584349094,1.010532737297338,0.2483926852504414,0.7873891859831283,1.4379767521242777,-1.0043702832449266,2.234308168919454,1.7036799178572835,1.7989900976616084,-1.6975174638048718,2.0160546028994357,-1.0043702832449266,-0.08807955137077149,-0.5989051751367622,-1.6975174638048718,1.5983194021994571,0.381924077874964,-0.5989051751367622,0.7003778089934986,-1.6975174638048718,-1.6975174638048718,-1.6975174638048718,1.3470049739185512,1.4379767521242777,0.2483926852504414,-1.6975174638048718,-1.6975174638048718,-1.6975174638048718,5
CPTAC-LSCC_C3L-05420,C3L-05420-26,0.3052008805683711,1.6914952416882618,-0.611089851305784,-1.3042370318657293,0.7752045098141066,1.9146387930024715,-0.20562474319761956,0.6416731171895841,0.8929875454704902,0.8929875454704902,-1.3042370318657293,1.3348202977495294,0.6416731171895841,1.3348202977495294,-1.3042370318657293,0.48752243736232576,-0.20562474319761956,3.9161187932125956,-0.611089851305784,0.0820573292541613,0.8929875454704902,-0.20562474319761956,-0.20562474319761956,-1.3042370318657293,-0.611089851305784,0.3052008805683711,-1.3042370318657293,-1.3042370318657293,-1.3042370318657293,-0.20562474319761956,-1.3042370318657293,-1.3042370318657293,-0.20562474319761956,-1.3042370318657293,5
CPTAC-LSCC_C3L-05428,C3L-05428-23,-1.113877789131889,0.2724165719880016,-2.2124900777999987,3.007865747278326,-0.2665799287446853,0.18540519499837185,0.2724165719880016,-0.4207306085719437,1.0833467882043304,-0.826195716680108,1.6995329276281474,-2.2124900777999987,2.362220900703384,-2.2124900777999987,0.9655637525479469,0.2724165719880016,2.8373659294495384,-1.5193428972400533,1.0063857470682023,-2.2124900777999987,-0.6030521653658983,1.7948431074324722,2.330804704470005,-0.4207306085719437,0.35245927966153817,0.7319489013664418,-0.826195716680108,-0.6030521653658983,2.655044372655584,-1.113877789131889,-2.2124900777999987,-2.2124900777999987,-1.113877789131889,0.2724165719880016,5
CPTAC-LSCC_C3N-00555,C3N-00555-27,-0.6412608508695409,2.0328877985569878,-1.3344080314294862,-1.3344080314294862,1.6100309477369543,1.438180690810295,2.654576015134788,0.4573514377985689,1.0634872413688845,0.05188632969040444,-0.6412608508695409,0.8628165459067332,1.1504986183585142,-1.3344080314294862,-1.3344080314294862,-1.3344080314294862,-1.3344080314294862,3.0093973904241977,-1.3344080314294862,-1.3344080314294862,0.6115021176258271,0.27502988100461423,0.9681770615645595,-1.3344080314294862,-0.23579574276137644,-1.3344080314294862,-1.3344080314294862,0.05188632969040444,-0.23579574276137644,1.8436457989184596,0.7450335102503497,0.27502988100461423,-1.3344080314294862,-1.3344080314294862,5
CPTAC-LSCC_C3N-01194,C3N-01194-24,-0.7755173893393225,-0.7755173893393225,-0.7755173893393225,1.3039241523405134,-0.7755173893393225,2.720990172127158,1.5270677036547233,-0.7755173893393225,0.32309489932878716,-0.7755173893393225,1.0162420798887324,-0.7755173893393225,2.835400523304902,-0.08237020877937712,2.5917784406471513,-0.7755173893393225,-0.7755173893393225,-0.7755173893393225,1.622377883459048,-0.7755173893393225,-0.7755173893393225,1.1703927597159909,-0.7755173893393225,-0.7755173893393225,-0.7755173893393225,-0.7755173893393225,-0.7755173893393225,-0.7755173893393225,1.4217071879968968,-0.08237020877937712,-0.08237020877937712,-0.7755173893393225,-0.7755173893393225,-0.7755173893393225,5
CPTAC-LSCC_C3N-02523,C3N-02523-22,0.9088701346604939,-0.882889334567561,0.7265485778665394,0.7265485778665394,-0.18974215400761574,-0.882889334567561,-0.882889334567561,-0.882889334567561,1.950324009488655,-0.18974215400761574,1.0630208144877522,-0.882889334567561,2.0074824233286037,0.21572295410054862,0.9088701346604939,0.5034050265523295,3.3067654074588644,-0.882889334567561,1.3143352427686583,-0.882889334567561,-0.882889334567561,0.9088701346604939,-0.882889334567561,-0.882889334567561,0.21572295410054862,-0.882889334567561,-0.882889334567561,-0.882889334567561,1.5150059382308094,-0.882889334567561,-0.882889334567561,-0.882889334567561,-0.882889334567561,-0.882889334567561,5
CPTAC-LSCC_C3N-03848,C3N-03848-21,-0.36662809539588986,0.7319841932722199,-0.36662809539588986,-0.36662809539588986,-0.36662809539588986,2.1182785543921105,1.4251313738321651,-0.36662809539588986,-0.36662809539588986,-0.36662809539588986,0.3265190851640554,-0.36662809539588986,-0.36662809539588986,-0.36662809539588986,-0.36662809539588986,-0.36662809539588986,-0.36662809539588986,1.2428098170382105,-0.36662809539588986,-0.36662809539588986,-0.36662809539588986,0.3265190851640554,-0.36662809539588986,-0.36662809539588986,-0.36662809539588986,-0.36662809539588986,-0.36662809539588986,-0.36662809539588986,-0.36662809539588986,1.2428098170382105,2.1182785543921105,-0.36662809539588986,-0.36662809539588986,-0.36662809539588986,5
CPTAC-LUAD_C3L-00009,C3L-00009-21,2.2044656597059515,-1.014410165162249,2.9745738814020255,-0.3212629846023037,1.1828144121739703,0.3718841959576416,-0.3212629846023037,-1.014410165162249,1.1828144121739703,1.4704964846257513,-1.014410165162249,0.0842021235058607,0.0842021235058607,0.5950277472718513,-1.014410165162249,-1.014410165162249,-1.014410165162249,0.0842021235058607,-1.014410165162249,2.317794345012955,0.5950277472718513,-1.014410165162249,-0.3212629846023037,0.3718841959576416,0.0842021235058607,0.5950277472718513,-1.014410165162249,-1.014410165162249,-1.014410165162249,-1.014410165162249,-1.014410165162249,-1.014410165162249,0.3718841959576416,0.5950277472718513,4
CPTAC-LUAD_C3L-01330,C3L-01330-22,0.08519984806706836,0.08519984806706836,-0.6079473324928769,1.0014905799412235,0.7783470286270137,2.031109997122382,0.7783470286270137,-0.6079473324928769,0.08519984806706836,0.08519984806706836,-0.6079473324928769,0.08519984806706836,1.3379628165624364,1.3379628165624364,-0.6079473324928769,-0.6079473324928769,0.08519984806706836,1.0014905799412235,-0.6079473324928769,-0.6079473324928769,-0.6079473324928769,0.49066495617523276,-0.6079473324928769,-0.6079473324928769,0.49066495617523276,-0.6079473324928769,-0.6079473324928769,-0.6079473324928769,-0.6079473324928769,0.49066495617523276,0.08519984806706836,-0.6079473324928769,-0.6079473324928769,-0.6079473324928769,4
CPTAC-LUAD_C3L-02169,C3L-02169-26,2.457829548282266,0.6660700790542111,-1.4133714626256249,0.5325386864296885,0.19606644980847565,3.2594573718362816,0.5325386864296885,-0.7202242820656795,1.2946787384765854,-0.02707710150573416,-1.4133714626256249,0.5325386864296885,1.151577894835912,1.2946787384765854,-1.4133714626256249,0.5325386864296885,-0.02707710150573416,2.776283279400801,1.5310675165408156,-1.4133714626256249,1.5823608109283662,-1.4133714626256249,-0.7202242820656795,-1.4133714626256249,-0.7202242820656795,-1.4133714626256249,0.6660700790542111,-1.4133714626256249,-1.4133714626256249,0.19606644980847565,-0.7202242820656795,-0.7202242820656795,-1.4133714626256249,-1.4133714626256249,4
CPTAC-LUAD_C3L-02508,C3L-02508-21,-0.2785183226443018,1.9187062546919176,-0.2785183226443018,-0.2785183226443018,0.8200939660238079,-0.2785183226443018,2.429531878457908,-0.2785183226443018,-0.2785183226443018,-0.2785183226443018,-0.2785183226443018,-0.2785183226443018,-0.2785183226443018,-0.2785183226443018,-0.2785183226443018,-0.2785183226443018,-0.2785183226443018,-0.2785183226443018,-0.2785183226443018,-0.2785183226443018,-0.2785183226443018,0.41462885791564347,-0.2785183226443018,-0.2785183226443018,-0.2785183226443018,-0.2785183226443018,-0.2785183226443018,-0.2785183226443018,-0.2785183226443018,-0.2785183226443018,-0.2785183226443018,0.41462885791564347,0.41462885791564347,1.1077760384755888,4
CPTAC-LUAD_C3L-02661,C3L-02661-23,-0.5091854961415562,0.33811236424564745,1.1002524162925442,2.2208436116794292,0.1839616844183892,1.611078040058535,-0.9146506042497204,0.8771088649783345,-0.5091854961415562,0.6947873081843797,-0.2215034236897752,1.8579381179900607,1.8579381179900607,-1.6077977848096658,-0.9146506042497204,2.1534023308838965,-0.2215034236897752,-0.9146506042497204,1.0312595448055928,-0.9146506042497204,-0.2215034236897752,0.5894267925265535,1.1647909374301155,-0.5091854961415562,2.1534023308838965,-0.5091854961415562,-1.6077977848096658,-1.6077977848096658,-1.6077977848096658,-1.6077977848096658,-0.2215034236897752,0.0016401276244344557,-1.6077977848096658,-1.6077977848096658,4
CPTAC-LUAD_C3L-03984,C3L-03984-28,-0.2487052075336918,2.263600416442423,-1.3473174962018013,-1.3473174962018013,1.1375891535861988,-0.654170315641856,1.291739833413457,0.9552675967922443,0.7321240454780346,0.7321240454780346,-1.3473174962018013,2.316244149927845,0.9552675967922443,-1.3473174962018013,-1.3473174962018013,0.8499070811344179,-1.3473174962018013,2.7958172301897313,-1.3473174962018013,0.8499070811344179,0.038976864918089264,0.5985926528535119,0.4444419730262535,0.5985926528535119,-0.2487052075336918,1.2176318612597354,-1.3473174962018013,-1.3473174962018013,0.038976864918089264,-1.3473174962018013,-0.2487052075336918,-1.3473174962018013,-0.2487052075336918,-1.3473174962018013,4
CPTAC-LUAD_C3L-04040,C3L-04040-26,2.1912670642802485,-0.5813216579595325,-0.5813216579595325,-0.5813216579595325,0.5172906307085772,0.5172906307085772,-0.5813216579595325,-0.5813216579595325,0.11182552260041279,0.8049727031603581,-0.5813216579595325,1.4981198837203034,0.5172906307085772,0.11182552260041279,-0.5813216579595325,-0.5813216579595325,0.11182552260041279,2.2518916860966836,-0.5813216579595325,-0.5813216579595325,2.945038866656629,0.5172906307085772,-0.5813216579595325,-0.5813216579595325,-0.5813216579595325,-0.5813216579595325,-0.5813216579595325,-0.5813216579595325,-0.5813216579595325,-0.5813216579595325,-0.5813216579595325,-0.5813216579595325,0.11182552260041279,-0.5813216579595325,4
CPTAC-LUAD_C3N-00180,C3N-00180-23,-0.46981354432878586,0.5110157086829404,-1.5684258329968954,0.8294694398014749,-1.1629607248887313,3.67067217389117,0.7829494241665822,1.2041628892428857,-0.0643484362206215,-0.6521351011227404,0.8739212023723087,1.1724141909283055,-0.1821314718770049,-0.6521351011227404,-0.46981354432878586,1.9431196058341251,0.4464771875453692,2.0691603267294902,0.5110157086829404,-2.261573013556841,-0.46981354432878586,0.5716403304993751,-0.46981354432878586,-0.31566286450152764,-0.8752786524369502,-1.1629607248887313,-0.8752786524369502,-0.46981354432878586,-1.5684258329968954,1.070631496618363,1.7274110330074335,-1.5684258329968954,0.1363222592415296,-2.261573013556841,4
CPTAC-LUAD_C3N-00433,C3N-00433-24,-0.22995150976832393,-0.5176335822201049,-1.6162458708882146,1.9672730675678956,-0.9230986903282692,3.0281450282531583,0.6863392221058312,-0.006807958454114145,-1.6162458708882146,-1.6162458708882146,0.6863392221058312,-0.9230986903282692,1.4747965824701013,0.4631956707916214,2.5884467485027516,2.753201981578807,-0.9230986903282692,2.687819222315955,0.8686607788997858,-1.6162458708882146,-0.9230986903282692,-0.5176335822201049,-1.6162458708882146,-1.6162458708882146,1.4282765668352084,-1.6162458708882146,-0.9230986903282692,-0.22995150976832393,0.5809787064480049,1.1563428513515668,1.2169674731680016,-1.6162458708882146,-1.6162458708882146,-0.9230986903282692,4
CPTAC-LUAD_C3N-00551,C3N-00551-22,0.467714875799263,0.3876721681257267,-2.097234481662274,1.3992730798042066,-0.30547501243421865,3.4440290634961523,-0.998622192994164,0.541822847952985,1.3992730798042066,-0.4877965692281732,3.0789152509115554,1.1986023843420555,-0.7109401205423831,0.20535061133177207,-0.017792939982437743,0.30066079113609684,-2.097234481662274,3.1654557072426117,0.7359788623939425,-2.097234481662274,0.467714875799263,-0.998622192994164,-0.7109401205423831,-0.30547501243421865,-2.097234481662274,-0.4877965692281732,-0.30547501243421865,1.45811357982714,-2.097234481662274,1.9281172090728755,0.541822847952985,-2.097234481662274,-0.7109401205423831,-2.097234481662274,4
CPTAC-LUAD_C3N-00574,C3N-00574-22,1.205303947494577,3.284745489174413,1.8984511280545222,0.10669165882646728,2.0876931276930506,1.0229823907006224,3.6403782235347015,2.121594679368732,3.1512140965498903,3.163048554196893,1.8558915136357264,1.5536106417627928,1.4929860199463578,1.6648362768730172,0.7998388393864125,0.7998388393864125,1.1182925705049473,2.121594679368732,1.4284474988087867,1.3594546273218353,1.0229823907006224,2.8147418599286773,2.186133200506303,1.0229823907006224,1.205303947494577,1.4284474988087867,2.6122175958172034,0.5121567669346316,0.10669165882646728,1.5536106417627928,0.10669165882646728,-0.586455521733478,0.3298352101406771,2.9250899170975426,4
CPTAC-LUAD_C3N-00959,C3N-00959-21,0.7979203981748345,2.2116137334828396,0.21013373327271545,-1.399304179161385,2.156043882328029,-1.399304179161385,2.0018932025007703,1.1656451783001518,0.7979203981748345,0.7979203981748345,-0.7061569986014397,-0.30069189049327516,0.21013373327271545,-0.01300981804149433,-1.399304179161385,-1.399304179161385,0.680137362518451,2.643747088673165,-1.399304179161385,-1.399304179161385,1.5964280943926061,-0.7061569986014397,-0.30069189049327516,0.21013373327271545,-1.399304179161385,-1.399304179161385,-1.399304179161385,0.9032809138326607,1.5451348000050555,0.21013373327271545,-1.399304179161385,-1.399304179161385,0.680137362518451,-1.399304179161385,4
CPTAC-LUAD_C3N-01024,C3N-01024-22,-0.41426283315181844,1.5110280287007591,-0.5684135129790767,-0.41426283315181844,0.8979235558143502,1.9302864589412594,2.2247944964634403,2.0092748702598895,0.7753212337220179,0.12473366758086861,-0.2807314405272959,0.5301987756890328,1.4899746195029266,-0.9738786210872412,-2.360172982207132,0.5842659969593087,0.3478772188950782,3.846402944517796,-0.9738786210872412,-1.6670258016471864,1.5110280287007591,-0.7507350697730314,-0.16294840487091244,0.6355592913468593,-0.9738786210872412,-2.360172982207132,-2.360172982207132,-1.261560693539022,-0.7507350697730314,1.0410243994550235,1.8142142876885052,-0.9738786210872412,-1.6670258016471864,-2.360172982207132,4
CPTAC-LUAD_C3N-01417,C3N-01417-23,-0.4464239182964715,0.7322310780451746,-0.4464239182964715,0.24672326226347382,1.2583241739419537,0.9081217445088388,0.418573519190133,2.7824022374248973,-0.04095881018830709,0.18218474112590274,-0.22328036698226164,1.708241044620952,-1.1395710988564167,-0.7341059907482524,-2.5258654599763073,0.6521883703716382,0.11319186963895116,2.561730875256077,-0.7341059907482524,-1.4272531713081977,0.7699714060280217,-0.5799553109209942,0.18218474112590274,0.24672326226347382,0.6096287559528424,0.36450629791985734,-2.5258654599763073,1.3861575454518387,-1.4272531713081977,-0.4464239182964715,1.5684791022457933,-1.8327182794163621,0.36450629791985734,-2.5258654599763073,4
CPTAC-LUAD_C3N-02155,C3N-02155-23,0.6974003833032508,-0.05637141907312939,-2.1358129607529652,-0.3440534915249103,-1.0372006720848557,4.172285480756566,0.6974003833032508,0.061411616583254225,0.9552294926053506,-0.5263750483188648,1.4195351007364483,-1.0372006720848557,0.5722372403492448,1.447705977703145,1.231482869233509,-1.44266578019302,0.5722372403492448,2.3528234089791744,-0.5263750483188648,-2.1358129607529652,0.061411616583254225,-0.3440534915249103,-2.1358129607529652,0.8599193128010257,-2.1358129607529652,-2.1358129607529652,0.6367757614868159,0.6367757614868159,-2.1358129607529652,2.9076121561662815,2.2586361939194735,-2.1358129607529652,0.8599193128010257,-2.1358129607529652,4
CPTAC-LUAD_C3N-02451,C3N-02451-21,1.8863740225516001,-0.059536126503713115,1.193226841991655,-0.7526833070636584,0.8567546053704419,-0.7526833070636584,-0.7526833070636584,0.6336110540562322,1.444541270272561,-0.059536126503713115,0.6336110540562322,0.3459289816044513,0.6336110540562322,1.5499017859303872,-0.7526833070636584,-0.7526833070636584,-0.059536126503713115,-0.059536126503713115,0.3459289816044513,-0.7526833070636584,2.2430489664903326,-0.7526833070636584,-0.7526833070636584,-0.7526833070636584,-0.059536126503713115,-0.7526833070636584,-0.7526833070636584,-0.7526833070636584,-0.7526833070636584,-0.059536126503713115,-0.7526833070636584,-0.7526833070636584,0.6336110540562322,-0.7526833070636584,4
CPTAC-LUAD_C3N-03052,C3N-03052-21,1.0386184047312539,-0.34767595638863663,1.3869250989994697,1.4440835128394183,0.6331532966230895,-0.34767595638863663,-1.4462882450567465,0.8562968479372993,-0.34767595638863663,0.8562968479372993,-0.7531410644968011,2.5610449401757247,0.163149667377354,-0.7531410644968011,-1.4462882450567465,1.5494440284972446,0.163149667377354,0.750936332279473,-1.4462882450567465,1.1927690845585122,1.0386184047312539,-0.7531410644968011,0.34547122417130866,-1.4462882450567465,1.8859162651184576,-0.059993883936855785,-1.4462882450567465,-0.7531410644968011,-0.7531410644968011,-0.059993883936855785,-1.4462882450567465,-1.4462882450567465,0.6331532966230895,-1.4462882450567465,4
CPTAC-LUAD_C3N-04168,C3N-04168-26,-0.76085590856376,2.129515849332405,-0.76085590856376,-0.76085590856376,1.1850542404915534,-0.06770872800381468,2.7048799942359665,1.1850542404915534,-0.76085590856376,-0.76085590856376,-0.76085590856376,-0.06770872800381468,1.804093448897777,-0.76085590856376,0.8485820038703403,0.3377563801043497,-0.76085590856376,2.9027057375658867,-0.76085590856376,-0.76085590856376,-0.76085590856376,0.8485820038703403,-0.76085590856376,-0.06770872800381468,-0.76085590856376,-0.06770872800381468,-0.76085590856376,-0.76085590856376,-0.06770872800381468,-0.76085590856376,0.8485820038703403,-0.76085590856376,-0.76085590856376,-0.76085590856376,4
CPTAC-LUAD_C3N-04180,C3N-04180-30,-0.34874605503648864,2.29031127457877,-0.34874605503648864,-0.34874605503648864,1.2606918573976116,-0.34874605503648864,1.4430134141915663,-0.34874605503648864,-0.34874605503648864,-0.34874605503648864,-0.34874605503648864,0.34440112552345664,-0.34874605503648864,-0.34874605503648864,-0.34874605503648864,-0.34874605503648864,-0.34874605503648864,2.695776382686934,-0.34874605503648864,-0.34874605503648864,-0.34874605503648864,0.34440112552345664,-0.34874605503648864,-0.34874605503648864,-0.34874605503648864,-0.34874605503648864,-0.34874605503648864,-0.34874605503648864,0.34440112552345664,-0.34874605503648864,0.34440112552345664,-0.34874605503648864,-0.34874605503648864,-0.34874605503648864,4
CPTAC-UCEC_C3L-00143,C3L-00143-21,-0.2618129097735391,-0.2618129097735391,-0.2618129097735391,0.8367993788945706,-0.2618129097735391,-0.2618129097735391,0.8367993788945706,2.571400434282677,-0.2618129097735391,-0.2618129097735391,-0.2618129097735391,-0.2618129097735391,1.5299465594545159,-0.2618129097735391,-0.2618129097735391,-0.2618129097735391,1.1244814513463515,-0.2618129097735391,-0.2618129097735391,-0.2618129097735391,-0.2618129097735391,-0.2618129097735391,-0.2618129097735391,-0.2618129097735391,-0.2618129097735391,-0.2618129097735391,-0.2618129097735391,0.43133427078640624,-0.2618129097735391,-0.2618129097735391,-0.2618129097735391,-0.2618129097735391,-0.2618129097735391,-0.2618129097735391,9
CPTAC-UCEC_C3L-00781,C3L-00781-24,-0.6720851694635821,0.021062011096363208,-0.6720851694635821,1.2738249795917311,0.42652711920452757,0.9373527429705183,1.4073563722162539,1.8928641879979546,-0.6720851694635821,-0.6720851694635821,0.42652711920452757,-0.6720851694635821,2.1005035527761993,-0.6720851694635821,-0.6720851694635821,-0.6720851694635821,2.4189572838947337,-0.6720851694635821,-0.6720851694635821,-0.6720851694635821,-0.6720851694635821,1.8928641879979546,0.021062011096363208,-0.6720851694635821,0.021062011096363208,-0.6720851694635821,-0.6720851694635821,-0.6720851694635821,1.2738249795917311,-0.6720851694635821,-0.6720851694635821,-0.6720851694635821,-0.6720851694635821,-0.6720851694635821,9
CPTAC-UCEC_C3L-01249,C3L-01249-22,-0.7006551899986443,-0.7006551899986443,-0.7006551899986443,4.374518625235183,0.39795709866946544,-0.007508009438699026,1.6972400827997263,-0.7006551899986443,-0.7006551899986443,0.39795709866946544,-0.007508009438699026,-0.7006551899986443,2.5182206348695564,-0.7006551899986443,-0.7006551899986443,2.5182206348695564,0.6856391711212463,-0.7006551899986443,0.908782722435456,-0.7006551899986443,0.6856391711212463,-0.7006551899986443,-0.7006551899986443,-0.7006551899986443,-0.7006551899986443,-0.7006551899986443,-0.7006551899986443,-0.7006551899986443,1.245254959056669,-0.7006551899986443,-0.7006551899986443,-0.7006551899986443,-0.7006551899986443,-0.7006551899986443,9
CPTAC-UCEC_C3L-01604,C3L-01604-21,-0.5434540905226758,0.14969309003726958,-0.5434540905226758,0.8428402705972149,-0.5434540905226758,-0.5434540905226758,1.6537704868135437,2.675421734345525,-0.5434540905226758,-0.5434540905226758,-0.5434540905226758,-0.5434540905226758,2.1645961105795344,-0.5434540905226758,-0.5434540905226758,0.8428402705972149,1.4024560585326376,1.4024560585326376,-0.5434540905226758,-0.5434540905226758,-0.5434540905226758,0.14969309003726958,-0.5434540905226758,-0.5434540905226758,1.0659838219114246,-0.5434540905226758,-0.5434540905226758,-0.5434540905226758,0.14969309003726958,-0.5434540905226758,-0.5434540905226758,-0.5434540905226758,-0.5434540905226758,-0.5434540905226758,9
CPTAC-UCEC_C3L-01864,C3L-01864-21,-0.7127713060322074,-0.01962412547226206,-0.7127713060322074,0.896666606401893,-0.7127713060322074,-0.7127713060322074,1.8521780514293293,2.422722909896942,0.3858409826359023,-0.01962412547226206,-0.01962412547226206,-0.7127713060322074,0.6735230550876833,-0.7127713060322074,-0.7127713060322074,1.9952788950700027,0.6735230550876833,0.3858409826359023,-0.7127713060322074,-0.7127713060322074,-0.7127713060322074,1.484453271304012,-0.7127713060322074,-0.7127713060322074,0.3858409826359023,-0.7127713060322074,-0.7127713060322074,0.6735230550876833,-0.7127713060322074,0.3858409826359023,-0.7127713060322074,-0.7127713060322074,0.6735230550876833,-0.7127713060322074,9
CPTAC-UCEC_C3L-01925,C3L-01925-28,-0.6199044490617736,-1.025369557169938,-0.10907882529578275,-0.10907882529578275,0.22739341132543006,-1.7185167377298833,1.2259222414365574,0.8464326197316535,-1.7185167377298833,0.3609248039499527,-1.7185167377298833,0.6793785350684874,2.5855483554742866,-1.7185167377298833,-1.7185167377298833,1.4169774781992666,1.054071984509898,-1.7185167377298833,-0.6199044490617736,-0.6199044490617736,-1.7185167377298833,2.4711380042965425,2.2704673088343914,-1.025369557169938,2.232726980851544,0.8464326197316535,3.271915849048853,-1.7185167377298833,1.577320128274446,-1.7185167377298833,-1.7185167377298833,-1.7185167377298833,-1.025369557169938,2.9910134635824512,9
CPTAC-UCEC_C3L-02121,C3L-02121-25,-1.0094700297927495,-1.0094700297927495,-1.0094700297927495,1.934968949373691,-0.3163228492328041,1.934968949373691,2.728199588490619,3.644490320364774,-1.0094700297927495,-1.0094700297927495,-1.0094700297927495,-1.0094700297927495,2.0350524079306735,-1.0094700297927495,-1.0094700297927495,3.1952225895982167,-0.3163228492328041,-0.3163228492328041,-1.0094700297927495,-1.0094700297927495,-0.3163228492328041,-0.3163228492328041,-1.0094700297927495,-1.0094700297927495,0.7822894394353055,1.4754366199952509,-1.0094700297927495,-1.0094700297927495,0.08914225887536018,-1.0094700297927495,2.941773688788678,-1.0094700297927495,-1.0094700297927495,-1.0094700297927495,9
CPTAC-UCEC_C3L-02347,C3L-02347-22,-0.4958620720293945,-0.4958620720293945,-0.4958620720293945,-0.4958620720293945,-0.4958620720293945,-0.4958620720293945,2.639632143899755,0.6027502166387151,-0.4958620720293945,-0.4958620720293945,1.902033200768976,-0.4958620720293945,0.1972851085305508,-0.4958620720293945,-0.4958620720293945,-0.4958620720293945,-0.4958620720293945,-0.4958620720293945,0.6027502166387151,-0.4958620720293945,-0.4958620720293945,0.1972851085305508,0.1972851085305508,-0.4958620720293945,-0.4958620720293945,-0.4958620720293945,-0.4958620720293945,2.682191758318551,0.6027502166387151,2.276726650210387,-0.4958620720293945,-0.4958620720293945,-0.4958620720293945,-0.4958620720293945,9
CPTAC-UCEC_C3L-02409,C3L-02409-27,1.111714322774454,0.2644164623872504,3.866284539511557,-0.8341958262808593,2.3846799985873415,-0.8341958262808593,-0.141048645720914,-0.8341958262808593,0.9575636429471958,2.5997913782042867,-0.8341958262808593,1.8738543748213508,-0.8341958262808593,-0.8341958262808593,-0.8341958262808593,-0.8341958262808593,-0.8341958262808593,-0.8341958262808593,-0.8341958262808593,2.9270042894127033,0.7752420861532412,0.2644164623872504,0.7752420861532412,-0.8341958262808593,-0.8341958262808593,-0.141048645720914,-0.8341958262808593,-0.8341958262808593,-0.8341958262808593,-0.8341958262808593,-0.8341958262808593,-0.8341958262808593,-0.8341958262808593,-0.8341958262808593,9
CPTAC-UCEC_C3L-02557,C3L-02557-23,-1.0085042913825764,0.3777900697373142,-1.0085042913825764,1.4764023584054238,0.3777900697373142,-0.31535711082263107,0.09010799728553326,-0.31535711082263107,1.2940808016114693,0.9374058576727369,1.6995459097196337,-0.31535711082263107,2.2495922466389056,0.3777900697373142,0.3777900697373142,-0.31535711082263107,0.7832551778454786,-1.0085042913825764,0.3777900697373142,-0.31535711082263107,0.09010799728553326,-0.31535711082263107,-0.31535711082263107,-1.0085042913825764,-0.31535711082263107,-1.0085042913825764,-1.0085042913825764,-1.0085042913825764,0.3777900697373142,0.7832551778454786,-1.0085042913825764,-1.0085042913825764,0.9374058576727369,-1.0085042913825764,9
CPTAC-UCEC_C3L-02953,C3L-02953-21,-0.8011672807305673,-0.8011672807305673,-0.8011672807305673,1.5014178122634785,-0.8011672807305673,-0.108020100170622,1.144742868324746,3.4183404244455393,-0.8011672807305673,-0.8011672807305673,1.2782742609492685,-0.8011672807305673,2.032046063325649,-0.108020100170622,2.032046063325649,-0.8011672807305673,1.2782742609492685,-0.8011672807305673,0.8082706317035331,-0.8011672807305673,-0.108020100170622,0.9905921884974876,-0.8011672807305673,-0.8011672807305673,-0.8011672807305673,-0.8011672807305673,-0.8011672807305673,-0.108020100170622,1.2782742609492685,-0.8011672807305673,-0.108020100170622,-0.8011672807305673,-0.8011672807305673,-0.8011672807305673,9
CPTAC-UCEC_C3L-03589,C3L-03589-23,-0.9458950975388524,0.663542814895248,-0.9458950975388524,-0.25274791697890703,1.1335464441409835,-0.9458950975388524,1.539011552249148,2.1451473558194634,0.15271719112925738,-0.9458950975388524,-0.9458950975388524,-0.25274791697890703,1.000015051516461,-0.9458950975388524,-0.9458950975388524,-0.25274791697890703,1.539011552249148,0.44039926358103826,-0.25274791697890703,1.000015051516461,-0.25274791697890703,1.1335464441409835,0.663542814895248,1.251329479797367,0.15271719112925738,-0.9458950975388524,-0.9458950975388524,-0.25274791697890703,0.15271719112925738,0.15271719112925738,-0.9458950975388524,-0.9458950975388524,-0.25274791697890703,-0.9458950975388524,9
CPTAC-UCEC_C3N-00321,C3N-00321-21,0.24998841406116015,-0.8486238746069497,0.7608140378271508,0.537670486512941,-0.8486238746069497,-0.8486238746069497,2.329429955740996,-0.8486238746069497,-0.8486238746069497,-0.8486238746069497,-0.8486238746069497,-0.8486238746069497,0.537670486512941,-0.8486238746069497,-0.8486238746069497,0.537670486512941,-0.8486238746069497,4.220280327613282,-0.8486238746069497,-0.8486238746069497,-0.8486238746069497,-0.8486238746069497,1.716325482854587,0.24998841406116015,-0.8486238746069497,2.242418578751366,0.24998841406116015,-0.8486238746069497,1.6362827751810507,-0.8486238746069497,-0.15547669404700432,-0.8486238746069497,-0.8486238746069497,1.8594263264952604,9
CPTAC-UCEC_C3N-00326,C3N-00326-23,-1.3967739234818897,-0.7036267429219443,-1.3967739234818897,0.8004506538543298,0.39498554574616546,-0.2981616348137799,4.29695821532081,2.8798921955341656,-1.3967739234818897,-0.7036267429219443,-1.3967739234818897,-1.3967739234818897,1.9705219065045845,-1.3967739234818897,0.21266398895221073,0.5491362255734237,0.5491362255734237,-1.3967739234818897,-1.3967739234818897,-0.7036267429219443,-1.3967739234818897,0.39498554574616546,1.8221019013863111,2.0997336379845906,-0.2981616348137799,-0.7036267429219443,-0.7036267429219443,-0.7036267429219443,2.0997336379845906,-1.3967739234818897,3.1140855830349605,-1.3967739234818897,-1.3967739234818897,0.39498554574616546,9
CPTAC-UCEC_C3N-00337,C3N-00337-27,-0.7179445609281977,1.9901056401740125,-0.7179445609281977,-0.02479738036825237,-0.7179445609281977,-0.7179445609281977,2.7160426435569485,2.417549655000952,-0.7179445609281977,-0.7179445609281977,-0.7179445609281977,0.38066772773991203,1.0738149082998574,-0.7179445609281977,-0.7179445609281977,1.7669620888598025,-0.02479738036825237,1.4792800164080218,-0.7179445609281977,-0.7179445609281977,-0.7179445609281977,-0.02479738036825237,-0.02479738036825237,-0.7179445609281977,-0.02479738036825237,-0.02479738036825237,-0.7179445609281977,-0.7179445609281977,0.8914933515059027,-0.7179445609281977,-0.7179445609281977,-0.7179445609281977,0.38066772773991203,-0.02479738036825237,9
CPTAC-UCEC_C3N-00388,C3N-00388-26,0.32115265163025053,1.5251254559561864,1.3626065264584117,-1.4706068175978044,0.927288455200566,-1.4706068175978044,1.0943425398637323,2.192954828531842,-1.4706068175978044,-0.08431245647791386,-1.4706068175978044,2.480636900983623,0.1388310948362958,-1.4706068175978044,-1.4706068175978044,1.0943425398637323,-1.4706068175978044,1.6648873983313452,-1.4706068175978044,-1.4706068175978044,-0.37199452892969476,0.32115265163025053,-0.7774596370378591,-1.4706068175978044,2.1403110950464197,2.6402670465755067,-1.4706068175978044,-0.7774596370378591,-1.4706068175978044,-1.4706068175978044,-0.37199452892969476,-1.4706068175978044,2.6882762657618673,2.3795407841122542,9
CPTAC-UCEC_C3N-00847,C3N-00847-26,-0.4614154399680948,1.8899598171953829,1.1480224724660055,0.23173174059185048,1.8411696530259507,-1.1545626205280402,0.23173174059185048,-1.1545626205280402,0.4548752919060602,1.55348758057417,-1.1545626205280402,2.9725717645170513,-0.4614154399680948,-1.1545626205280402,-1.1545626205280402,0.23173174059185048,-1.1545626205280402,0.6371968487000149,-0.05595033185993044,0.6371968487000149,-0.4614154399680948,-1.1545626205280402,0.7913475285272732,-1.1545626205280402,0.23173174059185048,2.177641889647164,-0.4614154399680948,-1.1545626205280402,-0.4614154399680948,-1.1545626205280402,-1.1545626205280402,-1.1545626205280402,1.2433326522703303,-0.05595033185993044,9
CPTAC-UCEC_C3N-01537,C3N-01537-22,-0.9618012010408711,-0.9618012010408711,-0.9618012010408711,2.5039347017588556,-0.2686540204809258,2.1292412523174447,1.3407838919531745,2.2962953369806107,-0.2686540204809258,-0.9618012010408711,0.6476367113932292,-0.9618012010408711,2.1292412523174447,-0.9618012010408711,1.6031481564206655,0.1368110876272386,1.4360940717574993,-0.9618012010408711,-0.2686540204809258,-0.9618012010408711,0.1368110876272386,-0.2686540204809258,-0.2686540204809258,-0.9618012010408711,-0.2686540204809258,-0.9618012010408711,-0.9618012010408711,-0.9618012010408711,0.42449316007901955,0.1368110876272386,1.1176403406389648,-0.9618012010408711,-0.9618012010408711,-0.9618012010408711,9
CPTAC-UCEC_C3N-02027,C3N-02027-23,-1.0090364933941853,-1.0090364933941853,-1.0090364933941853,1.2935485995998606,-1.0090364933941853,1.763552228845596,3.1018373707791262,2.8621645175137056,-1.0090364933941853,-1.0090364933941853,0.9368736556611281,-1.0090364933941853,1.8241768506620308,-1.0090364933941853,1.188188083942034,0.08957579527392441,1.699013707708025,-1.0090364933941853,-0.31588931283423993,-1.0090364933941853,-1.0090364933941853,0.3772578677257054,-1.0090364933941853,-0.31588931283423993,-1.0090364933941853,-1.0090364933941853,-1.0090364933941853,-1.0090364933941853,0.7827229758338697,0.08957579527392441,3.794984551339071,-1.0090364933941853,-1.0090364933941853,-1.0090364933941853,9
CPTAC-UCEC_C3N-02253,C3N-02253-27,-0.742593413990181,-0.742593413990181,-0.742593413990181,0.6437009471297096,-0.742593413990181,0.6437009471297096,2.6586039676719744,3.4769142911859254,-0.742593413990181,-0.742593413990181,1.2033167350651324,-0.742593413990181,1.6553018588081896,-0.742593413990181,-0.742593413990181,-0.742593413990181,0.3560188746779287,-0.04944623343023567,-0.742593413990181,-0.742593413990181,-0.742593413990181,1.049166055237874,-0.742593413990181,-0.742593413990181,-0.742593413990181,-0.742593413990181,-0.742593413990181,1.049166055237874,-0.742593413990181,2.090619930066035,1.5599916790038646,-0.742593413990181,-0.742593413990181,-0.742593413990181,9
CPTAC-UCEC_C3N-02595,C3N-02595-25,-0.2711584949568717,0.13430661315129266,3.1300388867052837,-0.964305675516817,1.5206009742711832,-0.964305675516817,-0.964305675516817,-0.964305675516817,2.126736777841499,1.6006436819447196,-0.2711584949568717,-0.964305675516817,0.6451322369172834,-0.964305675516817,0.13430661315129266,-0.964305675516817,0.9816044735384962,-0.964305675516817,-0.964305675516817,1.7437445255853932,0.13430661315129266,-0.2711584949568717,1.1151358661630189,-0.964305675516817,-0.964305675516817,-0.964305675516817,3.0961373350296024,-0.964305675516817,1.8082830467229642,-0.964305675516817,-0.964305675516817,-0.964305675516817,-0.964305675516817,-0.964305675516817,9
CPTAC-UCEC_C3N-03044,C3N-03044-25,2.621980027471605,-0.373752246082386,0.7248600425857237,1.1303251506938883,0.031712862025778346,1.0125421150375047,-1.0668994266423313,-0.373752246082386,1.0125421150375047,0.7248600425857237,-1.0668994266423313,-1.0668994266423313,1.7663139174138849,3.2769059952113526,0.7248600425857237,0.31939493447755934,1.1303251506938883,-1.0668994266423313,0.031712862025778346,-1.0668994266423313,0.31939493447755934,-0.373752246082386,-1.0668994266423313,-1.0668994266423313,-1.0668994266423313,-1.0668994266423313,-1.0668994266423313,-1.0668994266423313,-1.0668994266423313,0.7248600425857237,-1.0668994266423313,-1.0668994266423313,1.5721579029729273,-1.0668994266423313,9
